{
	"Author": "Olimacam",
	"RequireAll": true, 
	"Patches": 
		[
			{
				"Path": "$.ItemSets[?(@.Name == 'Tier1Weapons')].Loot", 
				"Action": "AppendAll",
				"Value": 
				[
					{ "Item": "BoneGreatMaceHTD",     "Weight": 1, "Rarity": [ 38, 50, 8, 4 ] },
					{ "Item": "BoneGreatSwordHTD",     "Weight": 1, "Rarity": [ 38, 50, 8, 4 ] }
				]
			},
			{
				"Path": "$.ItemSets[?(@.Name == 'Tier2Weapons')].Loot", 
				"Action": "AppendAll",
				"Value": 
				[
					{ "Item": "BronzeBattleaxeHTD",     "Weight": 1, "Rarity": [ 38, 50, 8, 4 ] },
					{ "Item": "BronzeCrowbillHTD",     "Weight": 1, "Rarity": [ 38, 50, 8, 4 ] },
					{ "Item": "BronzeFistsHTD",     "Weight": 1, "Rarity": [ 38, 50, 8, 4 ] },
					{ "Item": "BronzeGreatSwordHTD",     "Weight": 1, "Rarity": [ 38, 50, 8, 4 ] },
					{ "Item": "BronzeHammerHTD",     "Weight": 1, "Rarity": [ 38, 50, 8, 4 ] }
				]
			},
			{
				"Path": "$.ItemSets[?(@.Name == 'Tier3Weapons')].Loot", 
				"Action": "AppendAll",
				"Value": 
				[
					{ "Item": "IronFistsHTD",     "Weight": 1, "Rarity": [ 38, 50, 8, 4 ] },
					{ "Item": "IronGreatSwordHTD",     "Weight": 1, "Rarity": [ 38, 50, 8, 4 ] },
					{ "Item": "IronHeavyGreatSwordHTD",     "Weight": 1, "Rarity": [ 38, 50, 8, 4 ] }
				]
			},
			{
				"Path": "$.ItemSets[?(@.Name == 'Tier4Weapons')].Loot", 
				"Action": "AppendAll",
				"Value": 
				[
					{ "Item": "SilverFistsHTD",     "Weight": 1, "Rarity": [ 5, 35, 50, 20 ] },
					{ "Item": "SilverGreatMaceHTD",     "Weight": 1, "Rarity": [ 5, 35, 50, 20 ] },
					{ "Item": "SilverGreatSwordHTD",     "Weight": 1, "Rarity": [ 38, 50, 8, 4 ] },
					{ "Item": "SilverBattleaxeHTD",     "Weight": 1, "Rarity": [ 5, 35, 50, 20 ] },
					{ "Item": "DragonSlayerSwordHTD",     "Weight": 1, "Rarity": [ 38, 50, 8, 4 ] },
					{ "Item": "ObsidianGreatSwordHTD",     "Weight": 1, "Rarity": [ 5, 35, 50, 20 ] }
				]
			},
			{
				"Path": "$.ItemSets[?(@.Name == 'Tier5Weapons')].Loot", 
				"Action": "AppendAll",
				"Value": 
				[
					{ "Item": "BlackMetalFistsHTD",     "Weight": 1, "Rarity": [ 0, 15, 60, 25 ] },
					{ "Item": "BlackMetalGreatSwordHTD",     "Weight": 1, "Rarity": [ 0, 15, 60, 25 ] },
					{ "Item": "BlackMetalBattleaxeHTD",     "Weight": 1, "Rarity": [ 0, 15, 60, 25 ] }
				]
			},
			{
				"Path": "$.ItemSets[?(@.Name == 'Tier1Armor')].Loot", 
				"Action": "AppendAll",
				"Value": 
				[
					{ "Item": "ArmorHelmetBoarHTD",     "Weight": 1, "Rarity": [ 0, 15, 60, 25 ] },
					{ "Item": "ArmorChestBoarHTD",     "Weight": 1, "Rarity": [ 0, 15, 60, 25 ] },
					{ "Item": "ArmorLegsBoarHTD",     "Weight": 1, "Rarity": [ 0, 15, 60, 25 ] },
					{ "Item": "ArmorShoulderBoarHTD",     "Weight": 1, "Rarity": [ 0, 15, 60, 25 ] }
				]
			}
		]
}
