{
  "TargetFile": "adventuredata.json", 
  "Author": "Nullex, Majestic",
  "RequireAll": true, 
  "Patches": [
	{
      "Path": "$.Gamble.GambleCosts", 
      "Action": "AppendAll",
      "Value": [
            {"Item":"HelmetLeather_TW", "CoinsCost": 250},
            {"Item":"ArmorLeatherChest_TW", "CoinsCost": 250},
            {"Item":"ArmorLeatherLegs_TW", "CoinsCost": 250},
            {"Item":"HelmetRogue_TW", "CoinsCost": 500},
            {"Item":"ArmorRogueChest_TW", "CoinsCost": 500},
            {"Item":"ArmorRogueLegs_TW", "CoinsCost": 500},
            {"Item":"HelmetVigorous_TW", "CoinsCost": 500},
            {"Item":"ArmorVigorousChest_TW", "CoinsCost": 500},
            {"Item":"ArmorVigorousLegs_TW", "CoinsCost": 500},
            {"Item":"CapeTrollBlack_TW", "CoinsCost": 500},
            {"Item":"HelmetRogueIron_TW", "CoinsCost": 1000},
            {"Item":"ArmorRogueIronChest_TW", "CoinsCost": 1000},
            {"Item":"ArmorRogueIronLegs_TW", "CoinsCost": 1000},
            {"Item":"HelmetVigorousIron_TW", "CoinsCost": 1000},
            {"Item":"ArmorVigorousIronChest_TW", "CoinsCost": 1000},
            {"Item":"ArmorVigorousIronLegs_TW", "CoinsCost": 1000},
            {"Item":"HelmetWarrior_TW", "CoinsCost": 1000},
            {"Item":"ArmorWarriorChest_TW", "CoinsCost": 1000},
            {"Item":"ArmorWarriorLegs_TW", "CoinsCost": 1000},
            {"Item":"HelmetRogueSilver_TW", "CoinsCost": 2000},
            {"Item":"ArmorRogueSilverChest_TW", "CoinsCost": 2000},
            {"Item":"ArmorRogueSilverLegs_TW", "CoinsCost": 2000},
            {"Item":"HelmetVigorousSilver_TW", "CoinsCost": 2000},
            {"Item":"ArmorVigorousSilverChest_TW", "CoinsCost": 2000},
            {"Item":"ArmorVigorousSilverLegs_TW", "CoinsCost": 2000},
            {"Item":"HelmetWarriorSilver_TW", "CoinsCost": 2000},
            {"Item":"ArmorWarriorSilverChest_TW", "CoinsCost": 2000},
            {"Item":"ArmorWarriorSilverLegs_TW", "CoinsCost": 2000},
            {"Item":"HelmetFenrir_TW", "CoinsCost": 2000},
            {"Item":"ArmorFenrirChest_TW", "CoinsCost": 2000},
            {"Item":"ArmorFenrirLegs_TW", "CoinsCost": 2000},
            {"Item":"HelmetVidar_TW", "CoinsCost": 2000},
            {"Item":"ArmorVidarChest_TW", "CoinsCost": 2000},
            {"Item":"ArmorVidarLegs_TW", "CoinsCost": 2000},
            {"Item":"HelmetRogueBM_TW", "CoinsCost": 4000},
            {"Item":"ArmorRogueBMChest_TW", "CoinsCost": 4000},
            {"Item":"ArmorRogueBMLegs_TW", "CoinsCost": 4000},
            {"Item":"HelmetVigorousBM_TW", "CoinsCost": 4000},
            {"Item":"ArmorVigorousBMChest_TW", "CoinsCost": 4000},
            {"Item":"ArmorVigorousBMLegs_TW", "CoinsCost": 4000},
            {"Item":"HelmetWarriorBM_TW", "CoinsCost": 4000},
            {"Item":"ArmorWarriorBMChest_TW", "CoinsCost": 4000},
            {"Item":"ArmorWarriorBMLegs_TW", "CoinsCost": 4000},
            {"Item":"HelmetFenrirBM_TW", "CoinsCost": 4000},
            {"Item":"ArmorFenrirBMChest_TW", "CoinsCost": 4000},
            {"Item":"ArmorFenrirBMLegs_TW", "CoinsCost": 4000},
            {"Item":"HelmetVidarBM_TW", "CoinsCost": 4000},
            {"Item":"ArmorVidarBMChest_TW", "CoinsCost": 4000},
            {"Item":"ArmorVidarBMLegs_TW", "CoinsCost": 4000},
            {"Item":"HelmetBold_TW", "CoinsCost": 4000},
            {"Item":"ArmorBoldChest_TW", "CoinsCost": 4000},
            {"Item":"ArmorBoldLegs_TW", "CoinsCost": 4000},
            {"Item":"BeltYmir_TW", "CoinsCost": 4000},
            {"Item":"HelmetRogueCarapace_TW", "CoinsCost": 6000},
            {"Item":"ArmorRogueCarapaceChest_TW", "CoinsCost": 6000},
            {"Item":"ArmorRogueCarapaceLegs_TW", "CoinsCost": 6000},
            {"Item":"HelmetVigorousCarapace_TW", "CoinsCost": 6000},
            {"Item":"ArmorVigorousCarapaceChest_TW", "CoinsCost": 6000},
            {"Item":"ArmorVigorousCarapaceLegs_TW", "CoinsCost": 6000},
            {"Item":"HelmetWarriorCarapace_TW", "CoinsCost": 6000},
            {"Item":"ArmorWarriorCarapaceChest_TW", "CoinsCost": 6000},
            {"Item":"ArmorWarriorCarapaceLegs_TW", "CoinsCost": 6000},
            {"Item":"HelmetFenrirCarapace_TW", "CoinsCost": 6000},
            {"Item":"ArmorFenrirCarapaceChest_TW", "CoinsCost": 6000},
            {"Item":"ArmorFenrirCarapaceLegs_TW", "CoinsCost": 6000},
            {"Item":"HelmetVidarCarapace_TW", "CoinsCost": 6000},
            {"Item":"ArmorVidarCarapaceChest_TW", "CoinsCost": 6000},
            {"Item":"ArmorVidarCarapaceLegs_TW", "CoinsCost": 6000},
            {"Item":"HelmetBoldCarapace_TW", "CoinsCost": 6000},
            {"Item":"ArmorBoldCarapaceChest_TW", "CoinsCost": 6000},
            {"Item":"ArmorBoldCarapaceLegs_TW", "CoinsCost": 6000},
            {"Item":"HelmetLegion_TW", "CoinsCost": 6000},
            {"Item":"ArmorLegionChest_TW", "CoinsCost": 6000},
            {"Item":"ArmorLegionLegs_TW", "CoinsCost": 6000},
            {"Item":"HelmetDestruction_TW", "CoinsCost": 6000},
            {"Item":"ArmorDestructionChest_TW", "CoinsCost": 6000},
            {"Item":"ArmorDestructionLegs_TW", "CoinsCost": 6000},
            {"Item":"HelmetSacrifice_TW", "CoinsCost": 6000},
            {"Item":"ArmorSacrificeChest_TW", "CoinsCost": 6000},
            {"Item":"ArmorSacrificeLegs_TW", "CoinsCost": 6000},
            {"Item":"HelmetRogueTyranium_TW", "CoinsCost": 10000},
            {"Item":"ArmorRogueTyraniumChest_TW", "CoinsCost": 10000},
            {"Item":"ArmorRogueTyraniumLegs_TW", "CoinsCost": 10000},
            {"Item":"HelmetVigorousTyranium_TW", "CoinsCost": 10000},
            {"Item":"ArmorVigorousTyraniumChest_TW", "CoinsCost": 10000},
            {"Item":"ArmorVigorousTyraniumLegs_TW", "CoinsCost": 10000},
            {"Item":"HelmetWarriorFlametal_TW", "CoinsCost": 10000},
            {"Item":"ArmorWarriorFlametalChest_TW", "CoinsCost": 10000},
            {"Item":"ArmorWarriorFlametalLegs_TW", "CoinsCost": 10000},
            {"Item":"HelmetFenrirTyranium_TW", "CoinsCost": 10000},
            {"Item":"ArmorFenrirTyraniumChest_TW", "CoinsCost": 10000},
            {"Item":"ArmorFenrirTyraniumLegs_TW", "CoinsCost": 10000},
            {"Item":"HelmetVidarFlametal_TW", "CoinsCost": 10000},
            {"Item":"ArmorVidarFlametalChest_TW", "CoinsCost": 10000},
            {"Item":"ArmorVidarFlametalLegs_TW", "CoinsCost": 10000},
            {"Item":"HelmetBoldFlametal_TW", "CoinsCost": 10000},
            {"Item":"ArmorBoldFlametalChest_TW", "CoinsCost": 10000},
            {"Item":"ArmorBoldFlametalLegs_TW", "CoinsCost": 10000},
            {"Item":"HelmetLegionFlametal_TW", "CoinsCost": 10000},
            {"Item":"ArmorLegionFlametalChest_TW", "CoinsCost": 10000},
            {"Item":"ArmorLegionFlametalLegs_TW", "CoinsCost": 10000},
            {"Item":"HelmetUllr_TW", "CoinsCost": 15000},
            {"Item":"ArmorUllrChest_TW", "CoinsCost": 15000},
            {"Item":"ArmorUllrLegs_TW", "CoinsCost": 15000},
            {"Item":"HelmetDestructionTyranium_TW", "CoinsCost": 10000},
            {"Item":"ArmorDestructionTyraniumChest_TW", "CoinsCost": 10000},
            {"Item":"ArmorDestructionTyraniumLegs_TW", "CoinsCost": 10000},
            {"Item":"HelmetSacrificeFlametal_TW", "CoinsCost": 10000},
            {"Item":"ArmorSacrificeFlametalChest_TW", "CoinsCost": 10000},
            {"Item":"ArmorSacrificeFlametalLegs_TW", "CoinsCost": 10000}
			   ]  
    }
  ]
}