[{
		"name": "ForestWolf_DoD",
		"minExp": 250,
		"maxExp": 350,
		"level": 40
	},
	{
		"name": "Stormling_DoD",
		"minExp": 80,
		"maxExp": 120,
		"level": 20
	},
	{
		"name": "SkeletonG_DoD",
		"minExp": 120,
		"maxExp": 180,
		"level": 28
	},
	{
		"name": "SkeletonR_DoD",
		"minExp": 120,
		"maxExp": 180,
		"level": 28
	},
	{
		"name": "Frostling_DoD",
		"minExp": 250,
		"maxExp": 350,
		"level": 40
	},
	{
		"name": "Voidling_DoD",
		"minExp": 350,
		"maxExp": 450,
		"level": 50
	},
	{
		"name": "LivingWater_DoD",
		"minExp": 250,
		"maxExp": 350,
		"level": 40
	},
	{
		"name": "DarknessDrake_DoD",
		"minExp": 350,
		"maxExp": 450,
		"level": 50
	},
	{
		"name": "Vilefang_DoD",
		"minExp": 700,
		"maxExp": 900,
		"level": 61
	},
	{
		"name": "BlackDeer_DoD",
		"minExp": 10,
		"maxExp": 20,
		"level": 6
	},
	{
		"name": "BlackStag_DoD",
		"minExp": 10,
		"maxExp": 20,
		"level": 6
	},
	{
		"name": "IceDrake_DoD",
		"minExp": 900,
		"maxExp": 1100,
		"level": 70
	},
	{
		"name": "DireWolf_DoD",
		"minExp": 900,
		"maxExp": 1100,
		"level": 70
	},
	{
		"name": "FrozenBones_DoD",
		"minExp": 900,
		"maxExp": 1100,
		"level": 70
	},
	{
		"name": "IceGolem_DoD",
		"minExp": 1100,
		"maxExp": 1500,
		"level": 75
	},
	{
		"name": "GreaterSurtling_DoD",
		"minExp": 1200,
		"maxExp": 1600,
		"level": 80
	},
	{
		"name": "FlameDrake_DoD",
		"minExp": 1200,
		"maxExp": 1600,
		"level": 80
	},
	{
		"name": "ObsidianGolem_DoD",
		"minExp": 1600,
		"maxExp": 2000,
		"level": 85
	},
	{
		"name": "LivingLava_DoD",
		"minExp": 1200,
		"maxExp": 1600,
		"level": 80
	},
	{
		"name": "CharredRemains_DoD",
		"minExp": 1200,
		"maxExp": 1600,
		"level": 80
	},
	{
		"name": "LavaGolem_DoD",
		"minExp": 1600,
		"maxExp": 2000,
		"level": 85
	},
	{
		"name": "Ghost_White_DoD",
		"minExp": 100,
		"maxExp": 150,
		"level": 30
	},
	{
		"name": "Ghost_Ice_DoD",
		"minExp": 250,
		"maxExp": 350,
		"level": 40
	},
	{
		"name": "WendigoSwamp_LM",
		"minExp": 300,
		"maxExp": 450,
		"level": 35
	},
	{
		"name": "WereWolfBrown",
		"minExp": 350,
		"maxExp": 450,
		"level": 52
	},
	{
		"name": "Yeti_LM",
		"minExp": 300,
		"maxExp": 400,
		"level": 45
	},
	{
		"name": "Wendigo_LM",
		"minExp": 950,
		"maxExp": 1250,
		"level": 62
	},
	{
		"name": "WerewolfRed_LM",
		"minExp": 1100,
		"maxExp": 1500,
		"level": 75
	},
	{
		"name": "WerewolfRedArmoured_LM",
		"minExp": 1300,
		"maxExp": 1800,
		"level": 75
	},
	{
		"name": "WerewolfGrayArmoured_LM",
		"minExp": 1100,
		"maxExp": 1500,
		"level": 75
	},
	{
		"name": "WerewolfArmoured_LM",
		"minExp": 1300,
		"maxExp": 1800,
		"level": 75
	},
	{
		"name": "Werewolf_LM",
		"minExp": 1100,
		"maxExp": 1500,
		"level": 75
	},
	{
		"name": "WerewolfGray_LM",
		"minExp": 1100,
		"maxExp": 1500,
		"level": 75
	},
	{
		"name": "WerewolfWhite_LM",
		"minExp": 1100,
		"maxExp": 1500,
		"level": 75
	},
	{
		"name": "WerewolfWhiteArmoured_LM",
		"minExp": 1300,
		"maxExp": 1800,
		"level": 75
	},
	{
		"name": "PoisonDrake_DoD",
		"minExp": 100,
		"maxExp": 130,
		"level": 28
	},
	{
		"name": "Rambore_DoD",
		"minExp": 150,
		"maxExp": 200,
		"level": 15
	},
	{
		"name": "Bitterstump_DoD",
		"minExp": 300,
		"maxExp": 500,
		"level": 29
	},
	{
		"name": "BhygshanAlt_DoD",
		"minExp": 700,
		"maxExp": 900,
		"level": 39
	},
	{
		"name": "Farkas_Alt_DoD",
		"minExp": 1000,
		"maxExp": 1400,
		"level": 49
	},
	{
		"name": "Farkas_Clone_DoD",
		"minExp": 700,
		"maxExp": 900,
		"level": 39
	},
	{
		"name": "SkirSandburst_DoD",
		"minExp": 1500,
		"maxExp": 3000,
		"level": 59
	}
]