[
	{
		"name": "Orca",
		"minExp": 280,
		"maxExp": 325,
		"level": 25
	},
	{
		"name": "WhiteShark",
		"minExp": 200,
		"maxExp": 250,
		"level": 20
	},
	{
		"name": "BlacktipShark",
		"minExp": 200,
		"maxExp": 250,
		"level": 20
	},
	{
		"name": "BlueTurtle",
		"minExp": 80,
		"maxExp": 100,
		"level": 12
	},
	{
		"name": "GreenTurtle",
		"minExp": 80,
		"maxExp": 100,
		"level": 12
	},
	{
		"name": "RedTurtle",
		"minExp": 150,
		"maxExp": 170,
		"level": 15
	},
	{
		"name": "YellowTurtle",
		"minExp": 150,
		"maxExp": 170,
		"level": 15
	},
	{
		"name": "Crocodile",
		"minExp": 175,
		"maxExp": 200,
		"level": 19
	},
	{
		"name": "Seal",
		"minExp": 170,
		"maxExp": 180,
		"level": 17
	},
	{
		"name": "Penguin",
		"minExp": 125,
		"maxExp": 150,
		"level": 14
	},
	{
		"name": "Dolphin",
		"minExp": 150,
		"maxExp": 200,
		"level": 18
	}
]
