{
	"Author": "Olimacam",
	"RequireAll": true, 
	"Patches": 
		[
			{
				"Path": "$.Gamble.GambleCosts", 
				"Action": "AppendAll",
				"Value": 
					[
						{ "Item": "ArmorHelmetBoarHTD",         "CoinsCost": 250  },
						{ "Item": "ArmorChestBoarHTD",         "CoinsCost": 250  },
						{ "Item": "ArmorLegsBoarHTD",         "CoinsCost": 250  },
						{ "Item": "ArmorShoulderBoarHTD",         "CoinsCost": 250  },
						
						{ "Item": "BoneGreatMaceHTD",     "CoinsCost": 250  },
						{ "Item": "BoneGreatSwordHTD",     "CoinsCost": 250  },
						
						{ "Item": "BronzeBattleaxeHTD",     "CoinsCost": 350  },
						{ "Item": "BronzeCrowbillHTD",     "CoinsCost": 350  },
						{ "Item": "BronzeFistsHTD",     "CoinsCost": 350  },
						{ "Item": "BronzeGreatSwordHTD",     "CoinsCost": 350  },
						{ "Item": "BronzeHammerHTD",     "CoinsCost": 350  },
						
						{ "Item": "IronFistsHTD",     "CoinsCost": 400  },
						{ "Item": "IronGreatSwordHTD",     "CoinsCost": 500  },
						{ "Item": "IronHeavyGreatSwordHTD",     "CoinsCost": 500  },
						
						{ "Item": "DragonSlayerSwordHTD",     "CoinsCost": 800  },
						{ "Item": "ObsidianGreatSwordHTD",     "CoinsCost": 800  },
						{ "Item": "SilverBattleaxeHTD",     "CoinsCost": 800  },
						{ "Item": "SilverFistsHTD",     "CoinsCost": 700  },
						{ "Item": "SilverGreatMaceHTD",     "CoinsCost": 800  },
						{ "Item": "SilverGreatSwordHTD",     "CoinsCost": 800  },
						
						{ "Item": "BlackMetalBattleaxeHTD",     "CoinsCost": 1500  },
						{ "Item": "BlackMetalFistsHTD",     "CoinsCost": 1100  },
						{ "Item": "BlackMetalGreatSwordHTD",     "CoinsCost": 1500  }
					]  
			}
		]
}
