{
	"RequireAll": true,
	"Patches":
		[
			{
				"Path": "$.ItemInfo",
				"Action": "AppendAll",
				"Value": 
					[
						
						{
							"Type": "HeadArmor",
							"Fallback": "HelmetLeather",
							"Items": [ "ArmorNobleHelmet", "ArmorBarbarianBronzeHelmetJD", "ArmorWarriorHelmet", "ArmorPlateIronHelmetJD", "ArmorWandererHelmet", "ArmorDragonslayerHelmet", "ArmorBlackmetalgarbHelmet", "ArmorSerpentHelemt", "ArmorMistlandsHelmet" ],
							"ItemsByBoss" : 
								{
									"defeated_eikthyr"    : [ "ArmorNobleHelmet" ],
									"defeated_gdking"     : [ "ArmorBarbarianBronzeHelmetJD", "ArmorWarriorHelmet" ],
									"defeated_bonemass"   : [ "ArmorPlateIronHelmetJD", "ArmorWandererHelmet" ],
									"defeated_dragon"     : [ "ArmorDragonslayerHelmet" ],
									"defeated_goblinking" : [ "ArmorBlackmetalgarbHelmet", "ArmorSerpentHelemt" ],
									"defeated_queen"      : [ "ArmorMistlandsHelmet" ]
								}
						},
						{
							"Type": "ChestArmor",
							"Fallback": "ArmorRagsChest",
							"Items": [ "ArmorNobleChest", "ArmorBarbarianBronzeChestJD", "ArmorWarriorChest", "ArmorPlateIronChestJD", "ArmorWandererChest", "ArmorDragonslayerChest", "ArmorBlackmetalgarbChest", "ArmorSerpentChest", "ArmorMistlandsChest" ],
							"ItemsByBoss" : 
								{
									"defeated_eikthyr"    : [ "ArmorNobleChest" ],
									"defeated_gdking"     : [ "ArmorBarbarianBronzeChestJD", "ArmorWarriorChest" ],
									"defeated_bonemass"   : [ "ArmorPlateIronChestJD", "ArmorWandererChest" ],
									"defeated_dragon"     : [ "ArmorDragonslayerChest" ],
									"defeated_goblinking" : [ "ArmorBlackmetalgarbChest", "ArmorSerpentChest" ],
									"defeated_queen"      : [ "ArmorMistlandsChest" ]
								}
						},
						{
							"Type": "LegsArmor",
							"Fallback": "ArmorRagsLegs",
							"Items": [ "ArmorNobleLegs", "ArmorBarbarianBronzeLegsJD", "ArmorWarriorLegs", "ArmorPlateIronLegsJD", "ArmorWandererLegs", "ArmorDragonslayerLegs", "ArmorBlackmetalgarbLegs", "ArmorSerpentLegs", "ArmorMistlandsLegs" ],
							"ItemsByBoss" : 
								{
									"defeated_eikthyr"    : [ "ArmorNobleLegs" ],
									"defeated_gdking"     : [ "ArmorBarbarianBronzeLegsJD", "ArmorWarriorLegs" ],
									"defeated_bonemass"   : [ "ArmorPlateIronLegsJD", "ArmorWandererLegs" ],
									"defeated_dragon"     : [ "ArmorDragonslayerLegs" ],
									"defeated_goblinking" : [ "ArmorBlackmetalgarbLegs", "ArmorSerpentLegs" ],
									"defeated_queen"      : [ "ArmorMistlandsLegs" ]
								}
						},
						{
							"Type": "ShouldersArmor",
							"Fallback": "CapeDeerHide",
							"Items": [ "ArmorNobleCape", "ArmorBarbarianCapeJD", "ArmorPlateCape", "ArmorWandererCape", "ArmorSerpentCape"],
							"ItemsByBoss" : 
								{
									"defeated_eikthyr"    : [ "ArmorNobleCape" ],
									"defeated_gdking"     : [ "ArmorBarbarianCapeJD" ],
									"defeated_bonemass"   : [ "ArmorPlateCape", "ArmorWandererCape" ],
									"defeated_dragon"     : [ "ArmorSerpentCape" ],
									"defeated_goblinking" : [  ],
									"defeated_queen"      : [  ]
								}
						}
					]
			}
		]
}
