{
    "TargetFile": "enchantcosts.json",
    "Author": "Nullex, Majestic",
    "Priority": 1,
    "RequireAll": true,
    "Patches": [
      {
        "Path": "$.DisenchantProducts..[?(@.ItemNames[0] == '$item_trophy_eikthyr')].ItemNames",
        "Action": "Append",
        "Value": "$trophy_asmodeus_TW"
      },
      {
        "Path": "$.DisenchantProducts..[?(@.ItemNames[0] == '$item_trophy_elder')].ItemNames",
        "Action": "Append",
        "Value": "$trophy_svalt_TW"
      },
      {
        "Path": "$.DisenchantProducts..[?(@.ItemNames[0] == '$item_trophy_bonemass')].ItemNames",
        "Action": "Append",
        "Value": "$trophy_vrykolathas_TW"
      },
      {
        "Path": "$.DisenchantProducts..[?(@.ItemNames[0] == '$item_trophy_seekerqueen')].ItemNames",
        "Action": "Append",
        "Value": "$trophy_sythrak_TW"
      },
      {
        "Path": "$.DisenchantProducts..[?(@.ItemNames[0] == '$item_trophy_boar')].ItemNames",
        "Action": "Append",
        "Value": "$trophy_fox_TW"
      },
      {
        "Path": "$.DisenchantProducts..[?(@.ItemNames[0] == '$item_trophy_troll')].ItemNames",
        "Action": "Append",
        "Value": "$trophy_blackbear_TW"
      },
      {
        "Path": "$.DisenchantProducts..[?(@.ItemNames[0] == '$item_trophy_troll')].ItemNames",
        "Action": "Append",
        "Value": "$trophy_razorback_TW"
      },
      {
        "Path": "$.DisenchantProducts..[?(@.ItemNames[0] == '$item_trophy_troll')].ItemNames",
        "Action": "Append",
        "Value": "$trophy_crawler_TW"
      },
      {
        "Path": "$.DisenchantProducts..[?(@.ItemNames[0] == '$item_trophy_troll')].ItemNames",
        "Action": "Append",
        "Value": "$trophy_rottingelk_TW"
      },
      {
        "Path": "$.DisenchantProducts..[?(@.ItemNames[0] == '$item_trophy_fenring')].ItemNames",
        "Action": "Append",
        "Value": "$trophy_grizzlybear_TW"
      },
      {
        "Path": "$.DisenchantProducts..[?(@.ItemNames[0] == '$item_trophy_fenring')].ItemNames",
        "Action": "Append",
        "Value": "$trophy_obsidiangolem_TW"
      },
      {
        "Path": "$.DisenchantProducts..[?(@.ItemNames[0] == '$item_trophy_fenring')].ItemNames",
        "Action": "Append",
        "Value": "$trophy_prowler_TW"
      },
      {
        "Path": "$.DisenchantProducts..[?(@.ItemNames[0] == '$item_trophy_deathsquito')].ItemNames",
        "Action": "Append",
        "Value": "$trophy_ashenwarg_TW"
      },
      {
        "Path": "$.DisenchantProducts..[?(@.ItemNames[0] == '$item_trophy_deathsquito')].ItemNames",
        "Action": "Append",
        "Value": "$trophy_ashencrab_TW"
      },
      {
        "Path": "$.DisenchantProducts..[?(@.ItemNames[0] == '$item_trophy_deathsquito')].ItemNames",
        "Action": "Append",
        "Value": "$trophy_ashenscorpid_TW"
      },
      {
        "Path": "$.DisenchantProducts..[?(@.ItemNames[0] == '$item_trophy_deathsquito')].ItemNames",
        "Action": "Append",
        "Value": "$trophy_ashendimetrodon_TW"
      },
      {
        "Path": "$.DisenchantProducts..[?(@.ItemNames[0] == '$item_trophy_deathsquito')].ItemNames",
        "Action": "Append",
        "Value": "$trophy_ashendrake_TW"
      },
      {
        "Path": "$.DisenchantProducts..[?(@.ItemNames[0] == '$item_trophy_deathsquito')].ItemNames",
        "Action": "Append",
        "Value": "$trophy_ashenimp_TW"
      },
      {
        "Path": "$.DisenchantProducts..[?(@.ItemNames[0] == '$item_trophy_deathsquito')].ItemNames",
        "Action": "Append",
        "Value": "$trophy_ashendemon_TW"
      },
      {
        "Path": "$.DisenchantProducts..[?(@.ItemNames[0] == '$item_trophy_deathsquito')].ItemNames",
        "Action": "Append",
        "Value": "$trophy_ashengolem_TW"
      },
      {
        "Path": "$.DisenchantProducts..[?(@.ItemNames[0] == '$item_trophy_deathsquito')].ItemNames",
        "Action": "Append",
        "Value": "$trophy_ashenminotaur_TW"
      },
      {
        "Path": "$.DisenchantProducts..[?(@.ItemNames[0] == '$item_trophy_deathsquito')].ItemNames",
        "Action": "Append",
        "Value": "$trophy_arcticwolf_TW"
      },
      {
        "Path": "$.DisenchantProducts..[?(@.ItemNames[0] == '$item_trophy_deathsquito')].ItemNames",
        "Action": "Append",
        "Value": "$trophy_arcticbear_TW"
      },
      {
        "Path": "$.DisenchantProducts..[?(@.ItemNames[0] == '$item_trophy_deathsquito')].ItemNames",
        "Action": "Append",
        "Value": "$trophy_arcticfenringcultist_TW"
      },
      {
        "Path": "$.DisenchantProducts..[?(@.ItemNames[0] == '$item_trophy_deathsquito')].ItemNames",
        "Action": "Append",
        "Value": "$trophy_arcticserpent_TW"
      },
      {
        "Path": "$.DisenchantProducts..[?(@.ItemNames[0] == '$item_trophy_deathsquito')].ItemNames",
        "Action": "Append",
        "Value": "$trophy_arcticmammoth_TW"
      },
      {
        "Path": "$.DisenchantProducts..[?(@.ItemNames[0] == '$item_trophy_deathsquito')].ItemNames",
        "Action": "Append",
        "Value": "$trophy_arcticdrake_TW"
      },
      {
        "Path": "$.DisenchantProducts..[?(@.ItemNames[0] == '$item_trophy_deathsquito')].ItemNames",
        "Action": "Append",
        "Value": "$trophy_arcticfenring_TW"
      },
      {
        "Path": "$.DisenchantProducts..[?(@.ItemNames[0] == '$item_trophy_deathsquito')].ItemNames",
        "Action": "Append",
        "Value": "$trophy_arcticcultist_TW"
      },
      {
        "Path": "$.DisenchantProducts..[?(@.ItemNames[0] == '$item_trophy_deathsquito')].ItemNames",
        "Action": "Append",
        "Value": "$trophy_arcticgolem_TW"
      },
      {
        "Path": "$.DisenchantProducts..[?(@.ItemNames[0] == '$item_trophy_deathsquito')].ItemNames",
        "Action": "Append",
        "Value": "$trophy_jotunnbrute_TW"
      },
      {
        "Path": "$.DisenchantProducts..[?(@.ItemNames[0] == '$item_trophy_deathsquito')].ItemNames",
        "Action": "Append",
        "Value": "$trophy_ashenshark_TW"
      }
    ]
  }