{
  "TargetFile": "loottables.json",
  "Author": "Nullex, Majestic",
  "RequireAll": true,
  "Patches": [
    {
      "Path": "$.LootTables",
      "Action": "AppendAll",
      "Value": [
			{
        "Object": "BossAsmodeus_TW",
        "LeveledLoot": [
          {
            "Level": 1,
            "Drops": [ [1, 70], [2, 30], [4, 0] ],
            "Loot": [
              { "Item": "Tier0Everything", "Weight": 1, "Rarity": [ 79, 17, 3, 1 ] },
			  { "Item": "Tier1Everything", "Weight": 1, "Rarity": [ 79, 17, 3, 1 ] },
              { "Item": "KnifeViper_TW",   "Weight": 0.2, "Rarity": [ 79, 17, 3, 1 ] }
            ]
          },
          {
            "Level": 2,
            "Drops": [ [1, 60], [2, 40], [4, 0] ],
            "Loot": [
              { "Item": "Tier0Everything", "Weight": 1, "Rarity": [ 69, 24, 5, 2 ] },
			  { "Item": "Tier1Everything", "Weight": 1, "Rarity": [ 69, 24, 5, 2 ] },
			  { "Item": "KnifeViper_TW", "Weight": 0.2, "Rarity": [ 69, 24, 5, 2 ] }
            ]
          },
          {
            "Level": 3,
            "Drops": [ [1, 50], [2, 50], [4, 0] ],
            "Loot": [
              { "Item": "Tier0Everything", "Weight": 1, "Rarity": [ 53, 32, 10, 5 ] },
			  { "Item": "Tier1Everything", "Weight": 1, "Rarity": [ 53, 32, 10, 5 ] },
			  { "Item": "KnifeViper_TW", "Weight": 0.2, "Rarity": [ 53, 32, 10, 5 ] }
            ]
          },
          {
            "Level": 4,
            "Drops": [ [1, 35], [2, 60], [3, 5], [4, 0] ],
            "Loot": [
              { "Item": "Tier0Everything", "Weight": 1, "Rarity": [ 35, 40, 15, 10 ] },
			  { "Item": "Tier1Everything", "Weight": 1, "Rarity": [ 35, 40, 15, 10 ] },
			  { "Item": "KnifeViper_TW", "Weight": 0.2, "Rarity": [ 35, 40, 15, 10 ] }
            ]
          },
          {
            "Level": 5,
            "Drops": [ [1, 20], [2, 70], [3, 10], [4, 0] ],
            "Loot": [
              { "Item": "Tier0Everything", "Weight": 1, "Rarity": [ 20, 45, 20, 15 ] },
			  { "Item": "Tier1Everything", "Weight": 1, "Rarity": [ 20, 45, 20, 15 ] },
			  { "Item": "KnifeViper_TW", "Weight": 0.2, "Rarity": [ 20, 45, 20, 15 ] }
            ]
          },
          {
            "Level": 6,
            "Drops": [ [1, 5], [2, 80], [3, 15], [4, 0] ],
            "Loot": [
              { "Item": "Tier0Everything", "Weight": 1, "Rarity": [ 20, 45, 20, 15 ] },
			  { "Item": "Tier1Everything", "Weight": 1, "Rarity": [ 20, 45, 20, 15 ] },
			  { "Item": "KnifeViper_TW", "Weight": 0.2, "Rarity": [ 20, 45, 20, 15 ] }
            ]
          }    
				]			
			},
			{
        "Object": "BossSvalt_TW",
        "LeveledLoot": [
          {
            "Level": 1,
            "Drops": [ [1, 35], [2, 55], [3, 10], [4, 0] ],
            "Loot": [
              { "Item": "Tier2Everything", "Weight": 1, "Rarity": [ 59, 29, 10, 2 ] },
              { "Item": "DualAxeDemonic_TW", "Weight": 0.2, "Rarity": [ 59, 29, 10, 2 ] }
            ]
          },
          {
            "Level": 2,
            "Drops": [ [1, 20], [2, 65], [3, 15], [4, 0] ],
            "Loot": [
              { "Item": "Tier2Everything", "Weight": 1, "Rarity": [ 43, 37, 15, 5 ] },
              { "Item": "DualAxeDemonic_TW", "Weight": 0.2, "Rarity": [ 43, 37, 15, 5 ] }
            ]
          },
          {
            "Level": 3,
            "Drops": [ [1, 5], [2, 75], [3, 20], [4, 0] ],
            "Loot": [
              { "Item": "Tier2Everything", "Weight": 1, "Rarity": [ 25, 45, 20, 10 ] },
              { "Item": "DualAxeDemonic_TW", "Weight": 0.2, "Rarity": [ 25, 45, 20, 10 ] }
            ]
          },
          {
            "Level": 4,
            "Drops": [ [1, 0], [2, 70], [3, 30], [4, 0] ],
            "Loot": [
              { "Item": "Tier2Everything", "Weight": 1, "Rarity": [ 4, 50, 30, 15 ] },
              { "Item": "DualAxeDemonic_TW", "Weight": 0.2, "Rarity": [ 4, 50, 30, 15 ] }
            ]
          },
          {
            "Level": 5,
            "Drops": [ [1, 0], [2, 60], [3, 40], [4, 0] ],
            "Loot": [
              { "Item": "Tier2Everything", "Weight": 1, "Rarity": [ 0, 40, 40, 20 ] },
              { "Item": "DualAxeDemonic_TW", "Weight": 0.2, "Rarity": [ 0, 40, 40, 20 ] }
            ]
          },
          {
            "Level": 6,
            "Drops": [ [1, 0], [2, 40], [3, 50], [4, 10] ],
            "Loot": [
              { "Item": "Tier2Everything", "Weight": 1, "Rarity": [ 0, 25, 50, 25 ] },
              { "Item": "DualAxeDemonic_TW", "Weight": 0.2, "Rarity": [ 0, 25, 50, 25 ] }
            ]
          }    
				]			
			},
			{
        "Object": "BossVrykolathas_TW",
        "LeveledLoot": [
          {
            "Level": 1,
            "Drops": [ [1, 0], [2, 60], [3, 35], [4, 5] ],
            "Loot": [
              { "Item": "Tier3Everything", "Weight": 1, "Rarity": [ 20, 60, 15, 5 ] },
              { "Item": "ScytheVampiric_TW", "Weight": 0.2, "Rarity": [ 20, 60, 15, 5 ] }
            ]
          },
          {
            "Level": 2,
            "Drops": [ [1, 0], [2, 45], [3, 45], [4, 10] ],
            "Loot": [
              { "Item": "Tier3Everything", "Weight": 1, "Rarity": [ 0, 70, 20, 10 ] },
              { "Item": "ScytheVampiric_TW", "Weight": 0.2, "Rarity": [ 0, 70, 20, 10 ] }
            ]
          },
          {
            "Level": 3,
            "Drops": [ [1, 0], [2, 30], [3, 55], [4, 15] ],
            "Loot": [
              { "Item": "Tier3Everything", "Weight": 1, "Rarity": [ 0, 50, 35, 15 ] },
              { "Item": "ScytheVampiric_TW", "Weight": 0.2, "Rarity": [ 0, 50, 35, 15 ] }
            ]
          },
          {
            "Level": 4,
            "Drops": [ [1, 0], [2, 30], [3, 55], [4, 15] ],
            "Loot": [
              { "Item": "Tier3Everything", "Weight": 1, "Rarity": [ 0, 30, 50, 20 ] },
              { "Item": "ScytheVampiric_TW", "Weight": 0.2, "Rarity": [ 0, 30, 50, 20 ] }
            ]
          },
          {
            "Level": 5,
            "Drops": [ [1, 0], [3, 65], [4, 35] ],
            "Loot": [
              { "Item": "Tier3Everything", "Weight": 1, "Rarity": [ 0, 10, 65, 25 ] },
              { "Item": "ScytheVampiric_TW", "Weight": 0.2, "Rarity": [ 0, 10, 65, 25 ] }
            ]
          },
          {
            "Level": 6,
            "Drops": [ [1, 0], [3, 50], [4, 50] ],
            "Loot": [
              { "Item": "Tier3Everything", "Weight": 1, "Rarity": [ 0, 0, 70, 30 ] },
              { "Item": "ScytheVampiric_TW", "Weight": 0.2, "Rarity": [ 0, 0, 70, 30 ] }
            ]
          }    
				]			
			},
			{
        "Object": "BossSythrak_TW",
        "LeveledLoot": [
          {
            "Level": 1,
            "Drops": [ [3, 20], [4, 60], [5, 15], [6, 5] ],
            "Loot": [
              { "Item": "TierAshlandsEverything", "Weight": 1, "Rarity": [ 0, 0, 80, 20 ] },
              { "Item": "BattleaxeDragon_TW", "Weight": 0.3, "Rarity": [ 0, 0, 80, 20 ] },
              { "Item": "VolcanicBlade_TW", "Weight": 0.1, "Rarity": [ 0, 0, 80, 20 ] }
            ]
          },
          {
            "Level": 2,
            "Drops": [ [4, 70], [5, 20], [6, 10] ],
            "Loot": [
              { "Item": "TierAshlandsEverything", "Weight": 1, "Rarity": [ 0, 0, 70, 30 ] },
              { "Item": "BattleaxeDragon_TW", "Weight": 0.3, "Rarity": [ 0, 0, 70, 30 ] },
              { "Item": "VolcanicBlade_TW", "Weight": 0.1, "Rarity": [ 0, 0, 70, 30 ] }
            ]
          },
          {
            "Level": 3,
            "Drops": [ [4, 45], [5, 40], [6, 15] ],
            "Loot": [
              { "Item": "TierAshlandsEverything", "Weight": 1, "Rarity": [ 0, 0, 60, 40 ] },
              { "Item": "BattleaxeDragon_TW", "Weight": 0.3, "Rarity": [ 0, 0, 60, 40 ] },
              { "Item": "VolcanicBlade_TW", "Weight": 0.1, "Rarity": [ 0, 0, 60, 40 ] }
            ]
          },
          {
            "Level": 4,
            "Drops": [ [4, 25], [5, 50], [6, 25] ],
            "Loot": [
              { "Item": "TierAshlandsEverything", "Weight": 1, "Rarity": [ 0, 0, 40, 60 ] },
              { "Item": "BattleaxeDragon_TW", "Weight": 0.3, "Rarity": [ 0, 0, 40, 60 ] },
              { "Item": "VolcanicBlade_TW", "Weight": 0.1, "Rarity": [ 0, 0, 40, 60 ] }
            ]
          },
          {
            "Level": 5,
            "Drops": [ [4, 5], [5, 60], [6, 30], [7, 5] ],
            "Loot": [
              { "Item": "TierAshlandsEverything", "Weight": 1, "Rarity": [ 0, 0, 20, 80 ] },
              { "Item": "BattleaxeDragon_TW", "Weight": 0.3, "Rarity": [ 0, 0, 20, 80 ] },
              { "Item": "VolcanicBlade_TW", "Weight": 0.1, "Rarity": [ 0, 0, 20, 80 ] }
            ]
          },
          {
            "Level": 6,
            "Drops": [ [5, 50], [6, 40], [7, 10] ],
            "Loot": [
              { "Item": "TierAshlandsEverything", "Weight": 1, "Rarity": [ 0, 0, 0, 100 ] },
              { "Item": "BattleaxeDragon_TW", "Weight": 0.3, "Rarity": [ 0, 0, 0, 100 ] },
              { "Item": "VolcanicBlade_TW", "Weight": 0.1, "Rarity": [ 0, 0, 0, 100 ] }
            ]
          }
        ]
      }
			]
		}
	]
}