{
    "TargetFile": "adventuredata.json",
    "Author": "Nullex, Majestic",
    "RequireAll": true,
    "Priority": 600,
    "Patches": [
        {
            "Path": "$.TreasureMap.BiomeInfo",
            "Action": "AppendAll",
            "Value": [
				{ "Biome": "AshLands",    "Cost": 1000, "ForestTokens": 75, "MinRadius": 6000,  "MaxRadius": 10000 },
				{ "Biome": "DeepNorth",   "Cost": 1000, "ForestTokens": 75, "MinRadius": 6000,  "MaxRadius": 10000 }
            ]
        }
    ]
}
