{
   "sOriginalPrefabName" : "RRR_NPC",
   "sNewPrefabName" : "Example",
   "Category_Appearance" : {
      "vScale" : {
         "fX" : 1,
         "fY" : 1,
         "fZ" : 1
      },
      "cTintColor" : null,
      "cTintItems" : null,
      "cBodySmoke" : null,
      "cBodyFlames" : null,
      "sCustomTexture" : null
   },
   "Category_Character" : {
      "sName" : "Human",
      "sFaction" : "Players",
      "bBoss" : false,
      "sBossEvent" : "",
      "sDefeatSetGlobalKey" : "",
      "fMoveSpeedMulti" : 1,
      "bToleratesWater" : true,
      "bToleratesFire" : false,
      "bToleratesSmoke" : false,
      "bStaggerWhenBlocked" : null,
      "fHealth" : 100,
      "dDamageTaken" : {
         "m_blunt" : "Normal",
         "m_slash" : "Normal",
         "m_pierce" : "Normal",
         "m_chop" : "Immune",
         "m_pickaxe" : "Immune",
         "m_fire" : "Normal",
         "m_frost" : "Normal",
         "m_lightning" : "Normal",
         "m_poison" : "Normal",
         "m_spirit" : "Immune"
      }
   },
   "Category_Humanoid" : {
      "dtAttackDamageOverride" : {
         "fDamage" : 0,
         "fBlunt" : 0,
         "fSlash" : 0,
         "fPierce" : 0,
         "fChop" : 0,
         "fPickaxe" : 0,
         "fFire" : 0,
         "fFrost" : 0,
         "fLightning" : 0,
         "fPoison" : 0,
         "fSpirit" : 0
      },
      "fAttackDamageTotalOverride" : null,
      "sAttackProjectileOverride" : null,
      "aDefaultItems" : [
         
      ],
      "aRandomWeapon" : [
         
      ],
      "aRandomArmor" : [
         
      ],
      "aRandomShield" : [
         
      ],
      "aaRandomSets" : [
         
      ],
      "aHitEffects" : [
         "vfx_player_hit",
         "RRR_NPC_sfx_hit"
      ],
      "aDeathEffects" : [
         "vfx_player_death",
         "RRR_NPC_ragdoll",
         "RRR_NPC_sfx_death"
      ],
      "aConsumeItemEffects" : [
         "sfx_eat"
      ],
      "aAdvancedCustomAttacks" : null
   },
   "Category_BaseAI" : {
      "fViewRange" : 30,
      "fViewAngle" : 90,
      "fHearRange" : 9999,
      "aAlertedEffects" : [
         "RRR_NPC_sfx_alerted"
      ],
      "aIdleEffects" : [
         "RRR_NPC_sfx_idle"
      ],
      "fIdleEffectsInterval" : 10,
      "fIdleEffectsChance" : 0.5,
      "sPathAgentType" : "Humanoid",
      "fRandomCircleInterval" : 2,
      "fRandomMoveInterval" : 30,
      "fRandomMoveRange" : 3,
      "bRandomFly" : false,
      "fChanceToTakeoff" : 1,
      "fChanceToLand" : 1,
      "fGroundDuration" : 10,
      "fAirDuration" : 10,
      "fMaxLandAltitude" : 5,
      "fFlyAltitudeMin" : 3,
      "fFlyAltitudeMax" : 10,
      "fTakeoffTime" : 5,
      "bAvoidFire" : false,
      "bAfraidOfFire" : false,
      "bAvoidWater" : true,
      "sSpawnMessage" : "",
      "sDeathMessage" : ""
   },
   "Category_MonsterAI" : {
      "fAlertRange" : 20,
      "bFleeIfHurtWhenTargetCantBeReached" : true,
      "bFleeIfNotAlerted" : false,
      "fFleeIfLowHealth" : 0,
      "bCirculateWhileCharging" : true,
      "bCirculateWhileChargingFlying" : false,
      "bEnableHuntPlayer" : false,
      "bAttackPlayerObjects" : true,
      "bAttackPlayerObjectsWhenAlerted" : null,
      "fInterceptTimeMax" : 2,
      "fInterceptTimeMin" : 0,
      "fMaxChaseDistance" : 300,
      "fMinAttackInterval" : 0,
      "fCircleTargetInterval" : 8,
      "fCircleTargetDuration" : 6,
      "fCircleTargetDistance" : 8,
      "bSleeping" : false,
      "bNoiseWakeup" : false,
      "fNoiseRangeScale" : null,
      "fWakeupRange" : 5,
      "aWakeupEffects" : [
         
      ],
      "bAvoidLand" : false,
      "aConsumeItems" : [
         
      ],
      "fConsumeRange" : 2,
      "fConsumeSearchRange" : 5,
      "fConsumeSearchInterval" : 10,
      "fConsumeHeal" : 0
   },
   "Category_CharacterDrop" : {
      "bReplaceOriginalDrops" : true,
      "drDrops" : [
         
      ]
   },
   "Category_Special" : {
      "bCanTame" : false,
      "bAlwaysTame" : false,
      "bCommandableWhenTame" : false,
      "bCanProcreateWhenTame" : false,
      "bFxNoTame" : false,
      "bSfxNoAlert" : false,
      "bSfxNoIdle" : false,
      "bSfxNoHit" : false,
      "bSfxNoDeath" : false
   },
   "Category_NpcOnly" : {
      "bIsFemale" : false,
      "bRandomGender" : false,
      "bNoBeardIfFemale" : false,
      "aBeardIds" : [
         "BeardNone",
         "Beard1",
         "Beard2",
         "Beard3",
         "Beard4",
         "Beard5",
         "Beard6",
         "Beard7",
         "Beard8",
         "Beard9",
         "Beard10"
      ],
      "aHairIds" : [
         "HairNone",
         "Hair1",
         "Hair2",
         "Hair3",
         "Hair4",
         "Hair5",
         "Hair6",
         "Hair7",
         "Hair8",
         "Hair9",
         "Hair10",
         "Hair11",
         "Hair12",
         "Hair13",
         "Hair14"
      ],
      "cSkinColorMin" : {
         "fRed" : 0.5,
         "fGreen" : 0.5,
         "fBlue" : 0.5
      },
      "cSkinColorMax" : {
         "fRed" : 1,
         "fGreen" : 1,
         "fBlue" : 1
      },
      "cHairColorMin" : {
         "fRed" : 1,
         "fGreen" : 0.5,
         "fBlue" : 0.3
      },
      "cHairColorMax" : {
         "fRed" : 1,
         "fGreen" : 0.9,
         "fBlue" : 0.7
      },
      "fHairValueMin" : 0.1,
      "fHairValueMax" : 1
   },
   "sConfigFormatVersion" : "0.2.0"
}