{
  "ItemInfo": [
    {
      "Type": "Swords",
      "Fallback": "AxeFlint",
      "Items": [ "SwordBronze", "SwordIron", "SwordSilver", "SwordBlackmetal", "SwordFolcbrand", "GreatswordBlackmetal", "GreatswordIron", "GreatswordFireTH", "SwordFireTH"  ]
    },
    {
      "Type": "Axes",
      "Fallback": "Club",
      "Items": [ "AxeStone", "AxeFlint", "AxeBronze", "AxeIron", "AxeBlackMetal", "AxeForstasca" ]
    },
    {
      "Type": "TwoHandAxes",
      "Fallback": "AxeIron",
      "Items": [ "Battleaxe", "BattleaxeFireTH", "BattleaxeSilver" ]
    },
    {
      "Type": "Knives",
      "Fallback": "Club",
      "Items": [ "KnifeFlint", "KnifeCopper", "KnifeChitin", "KnifeBlackMetal", "KnifeFireTH" ]
    },
    {
      "Type": "Clubs",
      "Fallback": "",
      "Items": [ "Club", "MaceBronze", "MaceIron", "MaceSilver", "MaceNeedle", "MaceFireTH" ]
    },
    {
      "Type": "Sledges",
      "Fallback": "AxeFlint",
      "Items": [ "SledgeStagbreaker", "SledgeIron", "SledgeFireTH" ]
    },
    {
      "Type": "Polearms",
      "Fallback": "SpearBronze",
      "Items": [ "AtgeirBronze", "AtgeirIron", "AtgeirBlackmetal", "AtgeirFireTH" ]
    },
    {
      "Type": "Spears",
      "Fallback": "Club",
      "Items": [ "SpearFlint", "SpearBronze", "SpearElderbark", "SpearChitin", "SpearWolfFang", "SpearFire", "SpearBlackmetal" ]
    },
    {
      "Type": "Pickaxes",
      "Fallback": "AxeFlint",
      "Items": [ "PickaxeAntler", "PickaxeBronze", "PickaxeIron", "PickaxeBlackmetal" ]
    },
    {
      "Type": "Bows",
      "Fallback": "Club",
      "Items": [ "Bow", "BowFineWood", "BowHuntsman", "BowDraugrFang", "BowBlackmetal", "BowFireTH" ]
    },
    {
      "Type": "RoundShields",
      "Fallback": "Club",
      "Items": [ "ShieldWood", "ShieldBronzeBuckler", "ShieldBanded", "ShieldSilver", "ShieldBlackmetal", "ShieldFireTH" ]
    },
    {
      "Type": "TowerShields",
      "Fallback": "Club",
      "Items": [ "ShieldWoodTower", "ShieldIronTower", "ShieldSerpentscale", "ShieldBlackmetalTower", "ShieldFireTowerTH" ]
    },
    {
      "Type": "ChestArmor",
      "Fallback": "",
      "Items": [ "ArmorRagsChest", "ArmorLeatherChest", "ArmorTrollLeatherChest", "ArmorBronzeChest", "ArmorIronChest", "ArmorWolfChest", "ArmorPaddedCuirass" ]
    },
    {
      "Type": "LegsArmor",
      "Fallback": "",
      "Items": [ "ArmorRagsLegs", "ArmorLeatherLegs", "ArmorTrollLeatherLegs", "ArmorBronzeLegs", "ArmorIronLegs", "ArmorWolfLegs", "ArmorPaddedGreaves" ]
    },
    {
      "Type": "HeadArmor",
      "Fallback": "ArmorRagsChest",
      "Items": [ "HelmetLeather", "HelmetTrollLeather", "HelmetBronze", "HelmetIron", "HelmetDrake", "HelmetPadded" ]
    },
    {
      "Type": "ShouldersArmor",
      "Fallback": "ArmorRagsLegs",
      "Items": [ "CapeDeerHide", "CapeTrollHide", "CapeWolf", "CapeLinen", "CapeLox" ]
    },
    {
      "Type": "Torches",
      "Fallback": "Club",
      "Items": [ "Torch" ]
    },
    {
      "Type": "Tools",
      "Fallback": "Club",
      "Items": [ "Hammer", "Hoe", "Cultivator" ]
    },
    {
      "Type": "Utility",
      "Fallback": "",
      "Items": [ ]
    }
  ]
}
