{
    "TargetFile": "adventuredata.json",
    "Author": "Nullex, Majestic",
    "RequireAll": true,
    "Patches": [
        {
            "Path": "$.Bounties.Targets",
            "Action": "AppendAll",
            "Value": [
                { "Biome": "Meadows",     	"TargetID": "Fox_TW",             	"RewardGold": 0, "RewardIron": 1, "RewardCoins": 50   },

                { "Biome": "BlackForest", 	"TargetID": "Razorback_TW",        	"RewardGold": 0, "RewardIron": 2, "RewardCoins": 120  },
                { "Biome": "BlackForest", 	"TargetID": "BlackBear_TW", 		"RewardGold": 1, "RewardIron": 0, "RewardCoins": 150  },

                { "Biome": "Swamp",       	"TargetID": "RottingElk_TW",        "RewardGold": 0, "RewardIron": 3, "RewardCoins": 220  },
                { "Biome": "Swamp",       	"TargetID": "HelWraith_TW",         "RewardGold": 1, "RewardIron": 0, "RewardCoins": 250  },
                { "Biome": "Swamp",       	"TargetID": "Crawler_TW",     		"RewardGold": 1, "RewardIron": 2, "RewardCoins": 330  },

                { "Biome": "Mountain", 		"TargetID": "ObsidianGolem_TW", 	"RewardGold": 2, "RewardIron": 0, "RewardCoins": 380  },
                { "Biome": "Mountain", 		"TargetID": "GrizzlyBear_TW", 		"RewardGold": 2, "RewardIron": 0, "RewardCoins": 350  },

                { "Biome": "Plains", 		"TargetID": "Prowler_TW", 			"RewardGold": 0, "RewardIron": 5, "RewardCoins": 480  },

                { "Biome": "AshLands",   	"TargetID": "AshenImp_TW",   		"RewardGold": 0, "RewardIron": 7, "RewardCoins": 1750  },
				{ "Biome": "AshLands",   	"TargetID": "AshenDrake_TW",   		"RewardGold": 5, "RewardIron": 9, "RewardCoins": 1800  },
				{ "Biome": "AshLands",   	"TargetID": "AshenScorpid_TW",   	"RewardGold": 7, "RewardIron": 9, "RewardCoins": 2000  },
				{ "Biome": "AshLands",   	"TargetID": "AshenGolem_TW",   		"RewardGold": 7, "RewardIron": 11, "RewardCoins": 2550  },
      			{ "Biome": "AshLands",   	"TargetID": "AshenDemon_TW",   		"RewardGold": 5, "RewardIron": 9, "RewardCoins": 2300  },
      			{ "Biome": "AshLands",   	"TargetID": "AshenWarg_TW",   		"RewardGold": 4, "RewardIron": 9, "RewardCoins": 2200  },
      			{ "Biome": "AshLands",   	"TargetID": "AshenDimetrodon_TW",   "RewardGold": 8, "RewardIron": 11, "RewardCoins": 2600  },
      			{ "Biome": "AshLands",   	"TargetID": "AshenMinotaur_TW",   	"RewardGold": 5, "RewardIron": 9, "RewardCoins": 2150  },
      			{ "Biome": "AshLands",   	"TargetID": "AshenCrab_TW",   		"RewardGold": 3, "RewardIron": 9, "RewardCoins": 2150  },
				
                { "Biome": "DeepNorth",   	"TargetID": "ArcticDrake_TW",   	"RewardGold": 5, "RewardIron": 5, "RewardCoins": 1800  },
                { "Biome": "DeepNorth",   	"TargetID": "JotunnBrute_TW",   	"RewardGold": 8, "RewardIron": 11, "RewardCoins": 2600  },
                { "Biome": "DeepNorth",   	"TargetID": "ArcticGolem_TW",   	"RewardGold": 8, "RewardIron": 11, "RewardCoins": 2550  },
                { "Biome": "DeepNorth",   	"TargetID": "ArcticBear_TW",   		"RewardGold": 6, "RewardIron": 9, "RewardCoins": 2200  },
                { "Biome": "DeepNorth",   	"TargetID": "ArcticCultist_TW",   	"RewardGold": 5, "RewardIron": 9, "RewardCoins": 2350  },
                { "Biome": "DeepNorth",   	"TargetID": "ArcticFenring_TW",   	"RewardGold": 5, "RewardIron": 8, "RewardCoins": 2200  },
                { "Biome": "DeepNorth",   	"TargetID": "ArcticWolf_TW",   		"RewardGold": 4, "RewardIron": 7, "RewardCoins": 2000  },
                { "Biome": "DeepNorth",   	"TargetID": "ArcticMammoth_TW",   	"RewardGold": 8, "RewardIron": 11, "RewardCoins": 2600  },
                {
                    "Biome": "AshLands",
                    "TargetID": "AshenWarg_TW",
                    "RewardGold": 6,
                    "RewardIron": 7,
                    "RewardCoins": 4000,
                    "Adds": [
                        {
                            "ID": "AshenDemon_TW",
                            "Count": 4
                        }
                    ]
                },
                {
                    "Biome": "AshLands",
                    "TargetID": "AshenScorpid_TW",
                    "RewardGold": 6,
                    "RewardIron": 7,
                    "RewardCoins": 4000,
                    "Adds": [
                        {
                            "ID": "AshenCrab_TW",
                            "Count": 6
                        }
                    ]
                },
                {
                    "Biome": "AshLands",
                    "TargetID": "AshenDrake_TW",
                    "RewardGold": 6,
                    "RewardIron": 7,
                    "RewardCoins": 4000,
                    "Adds": [
                        {
                            "ID": "AshenGolem_TW",
                            "Count": 2
                        }
                    ]
                },
                {
                    "Biome": "AshLands",
                    "TargetID": "AshenMinotaur_TW",
                    "RewardGold": 6,
                    "RewardIron": 7,
                    "RewardCoins": 4000,
                    "Adds": [
                        {
                            "ID": "AshenImp_TW",
                            "Count": 10
                        }
                    ]
                },
                {
                    "Biome": "AshLands",
                    "TargetID": "AshenDimetrodon_TW",
                    "RewardGold": 6,
                    "RewardIron": 7,
                    "RewardCoins": 3000
                },
                {
                    "Biome": "DeepNorth",
                    "TargetID": "ArcticBear_TW",
                    "RewardGold": 6,
                    "RewardIron": 7,
                    "RewardCoins": 4000,
                    "Adds": [
                        {
                            "ID": "ArcticWolf_TW",
                            "Count": 4
                        }
                    ]
                },
                {
                    "Biome": "DeepNorth",
                    "TargetID": "ArcticDrake_TW",
                    "RewardGold": 6,
                    "RewardIron": 7,
                    "RewardCoins": 4000,
                    "Adds": [
                        {
                            "ID": "ArcticGolem_TW",
                            "Count": 2
                        }
                    ]
                },
                {
                    "Biome": "DeepNorth",
                    "TargetID": "ArcticCultist_TW",
                    "RewardGold": 6,
                    "RewardIron": 7,
                    "RewardCoins": 4000,
                    "Adds": [
                        {
                            "ID": "ArcticFenring_TW",
                            "Count": 2
                        }
                    ]
                },
                {
                    "Biome": "DeepNorth",
                    "TargetID": "ArcticMammoth_TW",
                    "RewardGold": 6,
                    "RewardIron": 7,
                    "RewardCoins": 3000
                },
                {
                    "Biome": "DeepNorth",
                    "TargetID": "ArcticSerpent_TW",
                    "RewardGold": 6,
                    "RewardIron": 7,
                    "RewardCoins": 3000
                }
			]
		},
		{
            "Path": "$.Bounties.Bosses",
            "Action": "AppendAll",
            "Value": [
                {
                    "Biome": "Meadows",
                    "BossPrefab": "BossAsmodeus_TW",
                    "BossDefeatedKey": "defeated_eikthyr"
                },
				{
                    "Biome": "BlackForest",
                    "BossPrefab": "BossSvalt_TW",
                    "BossDefeatedKey": "defeated_gdking"
                },
				{
                    "Biome": "Swamp",
                    "BossPrefab": "BossVrykolathas_TW",
                    "BossDefeatedKey": "defeated_bonemass"
                },
				{
                    "Biome": "AshLands",
                    "BossPrefab": "BossSythrak_TW",
                    "BossDefeatedKey": "defeated_queen"
                },
				{
                    "Biome": "AshLands",
                    "BossPrefab": "SeekerQueen",
                    "BossDefeatedKey": "defeated_queen"
                },
                {
                    "Biome": "DeepNorth",
                    "BossPrefab": "SeekerQueen",
                    "BossDefeatedKey": "defeated_queen"
                }
            ]
        }
    ]
}
