{
  "TargetFile": "loottables.json",
  "Author": "Nullex, Majestic",
  "RequireAll": true,
  "Priority": 800,
  "Patches": [
    {
      "Path": "$.ItemSets[?(@.Name == 'Tier0Weapons')].Loot",
      "Action": "AppendAll",
      "Value": [
        { "Item": "AtgeirFlint_TW", "Weight": 1, "Rarity": [38,50,8,4]},
        { "Item": "MaceFlint_TW", "Weight": 1, "Rarity": [38,50,8,4]},
        { "Item": "SwordFlint_TW", "Weight": 1, "Rarity": [38,50,8,4]},
        { "Item": "SledgeStagbreaker_TW", "Weight": 1, "Rarity": [38,50,8,4]},
        { "Item": "BattleaxeFlint_TW", "Weight": 1, "Rarity": [38,50,8,4]},
        { "Item": "FistFlint_TW", "Weight": 1, "Rarity": [38,50,8,4]},
        { "Item": "BastardFlint_TW", "Weight": 1, "Rarity": [38,50,8,4]},
        { "Item": "GreatClub_TW", "Weight": 1, "Rarity": [38,50,8,4]}
      ]
    },
    {
      "Path": "$.ItemSets[?(@.Name == 'Tier1Weapons')].Loot",
      "Action": "AppendAll",
      "Value": [
        { "Item": "BastardBone_TW", "Weight": 1, "Rarity": [38,50,8,4]},
        { "Item": "ClaymoreBone_TW", "Weight": 1, "Rarity": [38,50,8,4]},
        { "Item": "SwordBone_TW", "Weight": 1, "Rarity": [38,50,8,4]},
        { "Item": "WarpikeBone_TW", "Weight": 1, "Rarity": [38,50,8,4]}
      ]
    },
    {
      "Path": "$.ItemSets[?(@.Name == 'Tier2Weapons')].Loot",
      "Action": "AppendAll",
      "Value": [
        { "Item": "BattleaxeBronze_TW", "Weight": 1, "Rarity": [38,50,8,4]},
        { "Item": "ClaymoreBronze_TW", "Weight": 1, "Rarity": [38,50,8,4]},
        { "Item": "FistBronze_TW", "Weight": 1, "Rarity": [38,50,8,4]},
        { "Item": "CrossbowBronze_TW", "Weight": 1, "Rarity": [38,50,8,4]},
        { "Item": "KnifeBronze_TW", "Weight": 1, "Rarity": [38,50,8,4]},
        { "Item": "SledgeBronze_TW", "Weight": 1, "Rarity": [38,50,8,4]},
        { "Item": "BattlehammerTrollbone_TW", "Weight": 1, "Rarity": [38,50,8,4]},
        { "Item": "BowTrollBone_TW", "Weight": 1, "Rarity": [38,50,8,4]},
        { "Item": "BastardChitin_TW", "Weight": 1, "Rarity": [38,50,8,4]},
        { "Item": "ClaymoreChitin_TW", "Weight": 1, "Rarity": [38,50,8,4]},
        { "Item": "FistChitin_TW", "Weight": 1, "Rarity": [38,50,8,4]},
        { "Item": "MaceChitin_TW", "Weight": 1, "Rarity": [38,50,8,4]},
        { "Item": "SwordChitin_TW", "Weight": 1, "Rarity": [38,50,8,4]},
        { "Item": "WarpikeChitin_TW", "Weight": 1, "Rarity": [38,50,8,4]}
      ]
    },
    {
      "Path": "$.ItemSets[?(@.Name == 'Tier3Weapons')].Loot",
      "Action": "AppendAll",
      "Value": [
        { "Item": "BattleaxeIron_TW", "Weight": 1, "Rarity": [38,50,8,4]},
        { "Item": "BattlehammerIron_TW", "Weight": 1, "Rarity": [38,50,8,4]},
        { "Item": "ClaymoreIron_TW", "Weight": 1, "Rarity": [38,50,8,4]},
        { "Item": "CrossbowIron_TW", "Weight": 1, "Rarity": [38,50,8,4]},
        { "Item": "KnifeIron_TW", "Weight": 1, "Rarity": [38,50,8,4]},
        { "Item": "FistIron_TW", "Weight": 1, "Rarity": [38,50,8,4]},
        { "Item": "SledgeIron_TW", "Weight": 1, "Rarity": [38,50,8,4]},
        { "Item": "KnifeWrench_TW", "Weight": 1, "Rarity": [38,50,8,4]}
      ]
    },
    {
      "Path": "$.ItemSets[?(@.Name == 'Tier4Weapons')].Loot",
      "Action": "AppendAll",
      "Value": [            
        { "Item": "AxeSilver_TW", "Weight": 1, "Rarity": [38,50,8,4]},
        { "Item": "AtgeirSilver_TW", "Weight": 1, "Rarity": [38,50,8,4]},
        { "Item": "BastardSilver_TW", "Weight": 1, "Rarity": [38,50,8,4]},
        { "Item": "BattleaxeSilver_TW", "Weight": 1, "Rarity": [38,50,8,4]},
        { "Item": "BattlehammerSilver_TW", "Weight": 1, "Rarity": [38,50,8,4]},
        { "Item": "ClaymoreSilver_TW", "Weight": 1, "Rarity": [38,50,8,4]},
        { "Item": "CrossbowSilver_TW", "Weight": 1, "Rarity": [38,50,8,4]},
        { "Item": "FistSilver_TW", "Weight": 1, "Rarity": [38,50,8,4]},
        { "Item": "SledgeSilver_TW", "Weight": 1, "Rarity": [38,50,8,4]},
        { "Item": "BattleaxeCrystal_TW", "Weight": 1, "Rarity": [38,50,8,4]},
        { "Item": "WarpikeObsidian_TW", "Weight": 1, "Rarity": [38,50,8,4]}
      ]
    },
    {
      "Path": "$.ItemSets[?(@.Name == 'Tier5Weapons')].Loot",
      "Action": "AppendAll",
      "Value": [
        { "Item": "BastardBlackmetal_TW", "Weight": 1, "Rarity": [38,50,8,4]},
        { "Item": "BattleaxeBlackmetal_TW", "Weight": 1, "Rarity": [38,50,8,4]},
        { "Item": "BattlehammerBlackmetal_TW", "Weight": 1, "Rarity": [38,50,8,4]},
        { "Item": "BowBlackmetal_TW", "Weight": 1, "Rarity": [38,50,8,4]},
        { "Item": "GreatbowBlackmetal_TW", "Weight": 1, "Rarity": [38,50,8,4]},
        { "Item": "ClaymoreBlackmetal_TW", "Weight": 1, "Rarity": [38,50,8,4]},
        { "Item": "CrossbowBlackmetal_TW", "Weight": 1, "Rarity": [38,50,8,4]},
        { "Item": "FistBlackmetal_TW", "Weight": 1, "Rarity": [38,50,8,4]},
        { "Item": "LanceBlackmetal_TW", "Weight": 1, "Rarity": [38,50,8,4]},
        { "Item": "SpearBlackmetal_TW", "Weight": 1, "Rarity": [38,50,8,4]},
        { "Item": "SledgeBlackmetal_TW", "Weight": 1, "Rarity": [38,50,8,4]},
        { "Item": "TridentBlackmetal_TW", "Weight": 1, "Rarity": [38,50,8,4]},
        { "Item": "WarpikeBlackmetal_TW", "Weight": 1, "Rarity": [38,50,8,4]},
        { "Item": "BattleaxeCrystalEmerald_TW", "Weight": 1, "Rarity": [38,50,8,4]}
      ]
    },
    {
      "Path": "$.ItemSets[?(@.Name == 'Tier6Weapons')].Loot",
      "Action": "AppendAll",
      "Value": [
        { "Item": "AxeDvergr_TW", "Weight": 1, "Rarity": [38,50,8,4]},
        { "Item": "BastardDvergr_TW", "Weight": 1, "Rarity": [38,50,8,4]},
        { "Item": "BattleaxeDvergr_TW", "Weight": 1, "Rarity": [38,50,8,4]},
        { "Item": "BattlehammerDvergr_TW", "Weight": 1, "Rarity": [38,50,8,4]},
        { "Item": "GreatbowDvergr_TW", "Weight": 1, "Rarity": [38,50,8,4]},
        { "Item": "ClaymoreDvergr_TW", "Weight": 1, "Rarity": [38,50,8,4]},
        { "Item": "FistDvergr_TW", "Weight": 1, "Rarity": [38,50,8,4]},
        { "Item": "LanceDvergr_TW", "Weight": 1, "Rarity": [38,50,8,4]},
        { "Item": "MaceDvergr_TW", "Weight": 1, "Rarity": [38,50,8,4]},
        { "Item": "WarpikeDvergr_TW", "Weight": 1, "Rarity": [38,50,8,4]},
        { "Item": "BattleaxeCrystalAmethyst_TW", "Weight": 1, "Rarity": [38,50,8,4]},
        { "Item": "SledgeDemolisher_TW", "Weight": 1, "Rarity": [38,50,8,4]}
      ]
    },
    {
      "Path": "$.ItemSets",
      "Action": "AppendAll",
      "Value": [
        {
          "Name": "Tier4Tools",
          "Loot": [
            { "Item": "PickaxeSilver_TW", "Weight": 1, "Rarity": [38,50,8,4]}
          ]
        }
      ]
    },
    {
      "Path": "$.ItemSets[?(@.Name == 'Tier6Tools')].Loot",
      "Action": "AppendAll",
      "Value": [
        { "Item": "PickaxeDvergr_TW", "Weight": 1,"Rarity": [38, 50, 8, 4]},
        { "Item": "PickaxeNjord_TW", "Weight": 1, "Rarity": [38,50,8,4]},
        { "Item": "PickaxeSurtr_TW", "Weight": 1, "Rarity": [38,50,8,4]}
      ]
    },
    {
      "Path": "$.ItemSets[?(@.Name == 'Tier0Armor')].Loot",
      "Action": "AppendAll",
      "Value": [
        { "Item": "HelmetLeather_TW", "Weight": 1, "Rarity": [38,50,8,4]},
        { "Item": "ArmorLeatherChest_TW", "Weight": 1, "Rarity": [38,50,8,4]},
        { "Item": "ArmorLeatherLegs_TW", "Weight": 1, "Rarity": [38,50,8,4]}
      ]
    },
    {
      "Path": "$.ItemSets[?(@.Name == 'Tier1Armor')].Loot",
      "Action": "AppendAll",
      "Value": [
        { "Item": "HelmetRazorback_TW", "Weight": 1, "Rarity": [38,50,8,4]}
      ]
    },
    {
      "Path": "$.ItemSets[?(@.Name == 'Tier2Armor')].Loot",
      "Action": "AppendAll",
      "Value": [
        { "Item": "HelmetRogue_TW", "Weight": 1, "Rarity": [38,50,8,4]},
        { "Item": "ArmorRogueChest_TW", "Weight": 1, "Rarity": [38,50,8,4]},
        { "Item": "ArmorRogueLegs_TW", "Weight": 1, "Rarity": [38,50,8,4]},
        { "Item": "HelmetVigorous_TW", "Weight": 1, "Rarity": [38,50,8,4]},
        { "Item": "ArmorVigorousChest_TW", "Weight": 1, "Rarity": [38,50,8,4]},
        { "Item": "ArmorVigorousLegs_TW", "Weight": 1, "Rarity": [38,50,8,4]},
        { "Item": "HelmetBlackBear_TW", "Weight": 1, "Rarity": [38,50,8,4]}
      ]
    },
    {
      "Path": "$.ItemSets[?(@.Name == 'Tier3Armor')].Loot",
      "Action": "AppendAll",
      "Value": [
        { "Item": "HelmetRogueIron_TW", "Weight": 1, "Rarity": [38,50,8,4]},
        { "Item": "ArmorRogueIronChest_TW", "Weight": 1, "Rarity": [38,50,8,4]},
        { "Item": "ArmorRogueIronLegs_TW", "Weight": 1, "Rarity": [38,50,8,4]},
        { "Item": "HelmetVigorousIron_TW", "Weight": 1, "Rarity": [38,50,8,4]},
        { "Item": "ArmorVigorousIronChest_TW", "Weight": 1, "Rarity": [38,50,8,4]},
        { "Item": "ArmorVigorousIronLegs_TW", "Weight": 1, "Rarity": [38,50,8,4]},
        { "Item": "HelmetWarrior_TW", "Weight": 1, "Rarity": [38,50,8,4]},
        { "Item": "ArmorWarriorChest_TW", "Weight": 1, "Rarity": [38,50,8,4]},
        { "Item": "ArmorWarriorLegs_TW", "Weight": 1, "Rarity": [38,50,8,4]}
      ]
    },
    {
      "Path": "$.ItemSets[?(@.Name == 'Tier4Armor')].Loot",
      "Action": "AppendAll",
      "Value": [
        { "Item": "HelmetRogueSilver_TW", "Weight": 1, "Rarity": [38,50,8,4]},
        { "Item": "ArmorRogueSilverChest_TW", "Weight": 1, "Rarity": [38,50,8,4]},
        { "Item": "ArmorRogueSilverLegs_TW", "Weight": 1, "Rarity": [38,50,8,4]},
        { "Item": "HelmetVigorousSilver_TW", "Weight": 1, "Rarity": [38,50,8,4]},
        { "Item": "ArmorVigorousSilverChest_TW", "Weight": 1, "Rarity": [38,50,8,4]},
        { "Item": "ArmorVigorousSilverLegs_TW", "Weight": 1, "Rarity": [38,50,8,4]},
        { "Item": "HelmetWarriorSilver_TW", "Weight": 1, "Rarity": [38,50,8,4]},
        { "Item": "ArmorWarriorSilverChest_TW", "Weight": 1, "Rarity": [38,50,8,4]},
        { "Item": "ArmorWarriorSilverLegs_TW", "Weight": 1, "Rarity": [38,50,8,4]},
        { "Item": "HelmetFenrir_TW", "Weight": 1, "Rarity": [38,50,8,4]},
        { "Item": "ArmorFenrirChest_TW", "Weight": 1, "Rarity": [38,50,8,4]},
        { "Item": "ArmorFenrirLegs_TW", "Weight": 1, "Rarity": [38,50,8,4]},
        { "Item": "HelmetVidar_TW", "Weight": 1, "Rarity": [38,50,8,4]},
        { "Item": "ArmorVidarChest_TW", "Weight": 1, "Rarity": [38,50,8,4]},
        { "Item": "ArmorVidarLegs_TW", "Weight": 1, "Rarity": [38,50,8,4]},
        { "Item": "HelmetGrizzlyBear_TW", "Weight": 1, "Rarity": [38,50,8,4]}
      ]
    },
    {
      "Path": "$.ItemSets[?(@.Name == 'Tier5Armor')].Loot",
      "Action": "AppendAll",
      "Value": [
        { "Item": "HelmetRogueBM_TW", "Weight": 1, "Rarity": [38,50,8,4]},
        { "Item": "ArmorRogueBMChest_TW", "Weight": 1, "Rarity": [38,50,8,4]},
        { "Item": "ArmorRogueBMLegs_TW", "Weight": 1, "Rarity": [38,50,8,4]},
        { "Item": "HelmetVigorousBM_TW", "Weight": 1, "Rarity": [38,50,8,4]},
        { "Item": "ArmorVigorousBMChest_TW", "Weight": 1, "Rarity": [38,50,8,4]},
        { "Item": "ArmorVigorousBMLegs_TW", "Weight": 1, "Rarity": [38,50,8,4]},
        { "Item": "HelmetWarriorBM_TW", "Weight": 1, "Rarity": [38,50,8,4]},
        { "Item": "ArmorWarriorBMChest_TW", "Weight": 1, "Rarity": [38,50,8,4]},
        { "Item": "ArmorWarriorBMLegs_TW", "Weight": 1, "Rarity": [38,50,8,4]},
        { "Item": "HelmetFenrirBM_TW", "Weight": 1, "Rarity": [38,50,8,4]},
        { "Item": "ArmorFenrirBMChest_TW", "Weight": 1, "Rarity": [38,50,8,4]},
        { "Item": "ArmorFenrirBMLegs_TW", "Weight": 1, "Rarity": [38,50,8,4]},
        { "Item": "HelmetVidarBM_TW", "Weight": 1, "Rarity": [38,50,8,4]},
        { "Item": "ArmorVidarBMChest_TW", "Weight": 1, "Rarity": [38,50,8,4]},
        { "Item": "ArmorVidarBMLegs_TW", "Weight": 1, "Rarity": [38,50,8,4]},
        { "Item": "HelmetBold_TW", "Weight": 1, "Rarity": [38,50,8,4]},
        { "Item": "ArmorBoldChest_TW", "Weight": 1, "Rarity": [38,50,8,4]},
        { "Item": "ArmorBoldLegs_TW", "Weight": 1, "Rarity": [38,50,8,4]},
        { "Item": "BeltYmir_TW", "Weight": 1, "Rarity": [38,50,8,4]}
      ]
    },
    {
      "Path": "$.ItemSets[?(@.Name == 'Tier6Armor')].Loot",
      "Action": "AppendAll",
      "Value": [
        { "Item": "HelmetRogueCarapace_TW", "Weight": 1, "Rarity": [38,50,8,4]},
        { "Item": "ArmorRogueCarapaceChest_TW", "Weight": 1, "Rarity": [38,50,8,4]},
        { "Item": "ArmorRogueCarapaceLegs_TW", "Weight": 1, "Rarity": [38,50,8,4]},
        { "Item": "HelmetVigorousCarapace_TW", "Weight": 1, "Rarity": [38,50,8,4]},
        { "Item": "ArmorVigorousCarapaceChest_TW", "Weight": 1, "Rarity": [38,50,8,4]},
        { "Item": "ArmorVigorousCarapaceLegs_TW", "Weight": 1, "Rarity": [38,50,8,4]},
        { "Item": "HelmetWarriorCarapace_TW", "Weight": 1, "Rarity": [38,50,8,4]},
        { "Item": "ArmorWarriorCarapaceChest_TW", "Weight": 1, "Rarity": [38,50,8,4]},
        { "Item": "ArmorWarriorCarapaceLegs_TW", "Weight": 1, "Rarity": [38,50,8,4]},
        { "Item": "HelmetFenrirCarapace_TW", "Weight": 1, "Rarity": [38,50,8,4]},
        { "Item": "ArmorFenrirCarapaceChest_TW", "Weight": 1, "Rarity": [38,50,8,4]},
        { "Item": "ArmorFenrirCarapaceLegs_TW", "Weight": 1, "Rarity": [38,50,8,4]},
        { "Item": "HelmetVidarCarapace_TW", "Weight": 1, "Rarity": [38,50,8,4]},
        { "Item": "ArmorVidarCarapaceChest_TW", "Weight": 1, "Rarity": [38,50,8,4]},
        { "Item": "ArmorVidarCarapaceLegs_TW", "Weight": 1, "Rarity": [38,50,8,4]},
        { "Item": "HelmetBoldCarapace_TW", "Weight": 1, "Rarity": [38,50,8,4]},
        { "Item": "ArmorBoldCarapaceChest_TW", "Weight": 1, "Rarity": [38,50,8,4]},
        { "Item": "ArmorBoldCarapaceLegs_TW", "Weight": 1, "Rarity": [38,50,8,4]},
        { "Item": "HelmetLegion_TW", "Weight": 1, "Rarity": [38,50,8,4]},
        { "Item": "ArmorLegionChest_TW", "Weight": 1, "Rarity": [38,50,8,4]},
        { "Item": "ArmorLegionLegs_TW", "Weight": 1, "Rarity": [38,50,8,4]},
        { "Item": "HelmetDestruction_TW", "Weight": 1, "Rarity": [38,50,8,4]},
        { "Item": "ArmorDestructionChest_TW", "Weight": 1, "Rarity": [38,50,8,4]},
        { "Item": "ArmorDestructionLegs_TW", "Weight": 1, "Rarity": [38,50,8,4]},
        { "Item": "HelmetSacrifice_TW", "Weight": 1, "Rarity": [38,50,8,4]},
        { "Item": "ArmorSacrificeChest_TW", "Weight": 1, "Rarity": [38,50,8,4]},
        { "Item": "ArmorSacrificeLegs_TW", "Weight": 1, "Rarity": [38,50,8,4]}
      ]
    },
    {
      "Path": "$.ItemSets[?(@.Name == 'Tier1Shields')].Loot",
      "Action": "AppendAll",
      "Value": [
        { "Item": "ShieldChitin_TW", "Weight": 1, "Rarity": [38,50,8,4]},
        { "Item": "ShieldChitinTower_TW", "Weight": 1, "Rarity": [38,50,8,4]},
        { "Item": "ShieldChitinBuckler_TW", "Weight": 1, "Rarity": [38,50,8,4]}
      ]
    },
    {
      "Path": "$.ItemSets[?(@.Name == 'Tier2Shields')].Loot",
      "Action": "AppendAll",
      "Value": [
        { "Item": "ShieldBronzeBanded_TW", "Weight": 1, "Rarity": [38,50,8,4]},
        { "Item": "ShieldBronzeTower_TW", "Weight": 1, "Rarity": [38,50,8,4]}
      ]
    },
    {
      "Path": "$.ItemSets[?(@.Name == 'Tier4Shields')].Loot",
      "Action": "AppendAll",
      "Value": [
        { "Item": "ShieldSilverBuckler_TW", "Weight": 1, "Rarity": [38,50,8,4]}
      ]
    },
    {
      "Path": "$.ItemSets[?(@.Name == 'Tier5Shields')].Loot",
      "Action": "AppendAll",
      "Value": [
        { "Item": "ShieldBlackmetalBuckler_TW", "Weight": 1, "Rarity": [38,50,8,4]}
      ]
    },
    {
      "Path": "$.ItemSets[?(@.Name == 'Tier6Shields')].Loot",
      "Action": "AppendAll",
      "Value": [
        { "Item": "ShieldCarapaceTower_TW", "Weight": 1, "Rarity": [38,50,8,4]}
      ]
    },
    {
      "Path": "$.ItemSets",
      "Action": "AppendAll",
      "Value": [
        {
          "Name": "TierAshlandsWeapons",
          "Loot": [
            { "Item": "BattleaxeCrystalTopaz_TW", "Weight": 1, "Rarity": [50,40,7,3]},
            { "Item": "AxeSurtr_TW", "Weight": 1, "Rarity": [50,40,7,3]},
            { "Item": "AtgeirSurtr_TW", "Weight": 1, "Rarity": [50,40,7,3]},
            { "Item": "BastardSurtr_TW", "Weight": 1, "Rarity": [50,40,7,3]},
            { "Item": "BattleaxeSurtr_TW", "Weight": 1, "Rarity": [50,40,7,3]},
            { "Item": "BattlehammerSurtr_TW", "Weight": 1, "Rarity": [50,40,7,3]},
            { "Item": "BowSurtr_TW", "Weight": 1, "Rarity": [50,40,7,3]},
            { "Item": "CrossbowSurtr_TW", "Weight": 1, "Rarity": [50,40,7,3]},
            { "Item": "GreatbowSurtr_TW", "Weight": 1, "Rarity": [50,40,7,3]},
            { "Item": "ClaymoreSurtr_TW", "Weight": 1, "Rarity": [50,40,7,3]},
            { "Item": "FistSurtr_TW", "Weight": 1, "Rarity": [50,40,7,3]},
            { "Item": "KnifeSurtr_TW", "Weight": 1, "Rarity": [50,40,7,3]},
            { "Item": "LanceSurtr_TW", "Weight": 1, "Rarity": [50,40,7,3]},
            { "Item": "MaceSurtr_TW", "Weight": 1, "Rarity": [50,40,7,3]},
            { "Item": "SpearSurtr_TW", "Weight": 1, "Rarity": [50,40,7,3]},
            { "Item": "SledgeSurtr_TW", "Weight": 1, "Rarity": [50,40,7,3]},
            { "Item": "SwordSurtr_TW", "Weight": 1, "Rarity": [50,40,7,3]},
            { "Item": "WarpikeSurtr_TW", "Weight": 1, "Rarity": [50,40,7,3]},
            { "Item": "BowUllr_TW", "Weight": 1, "Rarity": [50,40,7,3]}
          ]
        },
        {
          "Name": "TierAshlandsArmor",
          "Loot": [
            { "Item": "CapeAshenScale_TW", "Weight": 1, "Rarity": [50,40,7,3]},
            { "Item": "HelmetWarriorFlametal_TW", "Weight": 1, "Rarity": [50,40,7,3]},
            { "Item": "ArmorWarriorFlametalChest_TW", "Weight": 1, "Rarity": [50,40,7,3]},
            { "Item": "ArmorWarriorFlametalLegs_TW", "Weight": 1, "Rarity": [50,40,7,3]},
            { "Item": "HelmetVidarFlametal_TW", "Weight": 1, "Rarity": [50,40,7,3]},
            { "Item": "ArmorVidarFlametalChest_TW", "Weight": 1, "Rarity": [50,40,7,3]},
            { "Item": "ArmorVidarFlametalLegs_TW", "Weight": 1, "Rarity": [50,40,7,3]},
            { "Item": "HelmetBoldFlametal_TW", "Weight": 1, "Rarity": [50,40,7,3]},
            { "Item": "ArmorBoldFlametalChest_TW", "Weight": 1, "Rarity": [50,40,7,3]},
            { "Item": "ArmorBoldFlametalLegs_TW", "Weight": 1, "Rarity": [50,40,7,3]},
            { "Item": "HelmetLegionFlametal_TW", "Weight": 1, "Rarity": [50,40,7,3]},
            { "Item": "ArmorLegionFlametalChest_TW", "Weight": 1, "Rarity": [50,40,7,3]},
            { "Item": "ArmorLegionFlametalLegs_TW", "Weight": 1, "Rarity": [50,40,7,3]},
            { "Item": "HelmetSacrificeFlametal_TW", "Weight": 1, "Rarity": [50,40,7,3]},
            { "Item": "ArmorSacrificeFlametalChest_TW", "Weight": 1, "Rarity": [50,40,7,3]},
            { "Item": "ArmorSacrificeFlametalLegs_TW", "Weight": 1, "Rarity": [50,40,7,3]}
          ]
        },
        {
          "Name": "TierAshlandsShields",
          "Loot": [
            { "Item": "ShieldSurtr_TW", "Weight": 1, "Rarity": [50,40,7,3]},
            { "Item": "ShieldSurtrTower_TW", "Weight": 1, "Rarity": [50,40,7,3]},
            { "Item": "ShieldFlametalBuckler_TW", "Weight": 1, "Rarity": [50,40,7,3]}
          ]
        },
        {
          "Name": "TierAshlandsEverything",
          "Loot": [
            { "Item": "TierAshlandsWeapons" },
            { "Item": "TierAshlandsArmor" },
            { "Item": "TierAshlandsShields" }
          ]
        },
        {
          "Name": "TierDeepNorthWeapons",
          "Loot": [
            { "Item": "AxeNjord_TW", "Weight": 1, "Rarity": [50,40,7,3]},
            { "Item": "AtgeirNjord_TW", "Weight": 1, "Rarity": [50,40,7,3]},
            { "Item": "BastardNjord_TW", "Weight": 1, "Rarity": [50,40,7,3]},
            { "Item": "BattleaxeNjord_TW", "Weight": 1, "Rarity": [50,40,7,3]},
            { "Item": "BattlehammerNjord_TW", "Weight": 1, "Rarity": [50,40,7,3]},
            { "Item": "BowNjord_TW", "Weight": 1, "Rarity": [50,40,7,3]},
            { "Item": "CrossbowNjord_TW", "Weight": 1, "Rarity": [50,40,7,3]},
            { "Item": "GreatbowNjord_TW", "Weight": 1, "Rarity": [50,40,7,3]},
            { "Item": "ClaymoreNjord_TW", "Weight": 1, "Rarity": [50,40,7,3]},
            { "Item": "FistNjord_TW", "Weight": 1, "Rarity": [50,40,7,3]},
            { "Item": "KnifeNjord_TW", "Weight": 1, "Rarity": [50,40,7,3]},
            { "Item": "LanceNjord_TW", "Weight": 1, "Rarity": [50,40,7,3]},
            { "Item": "MaceNjord_TW", "Weight": 1, "Rarity": [50,40,7,3]},
            { "Item": "SpearNjord_TW", "Weight": 1, "Rarity": [50,40,7,3]},
            { "Item": "SledgeNjord_TW", "Weight": 1, "Rarity": [50,40,7,3]},
            { "Item": "SwordNjord_TW", "Weight": 1, "Rarity": [50,40,7,3]},
            { "Item": "WarpikeNjord_TW", "Weight": 1, "Rarity": [50,40,7,3]},
            { "Item": "PickaxeNjord_TW", "Weight": 1, "Rarity": [50,40,7,3]},
            { "Item": "BattleaxeCrystalSapphire_TW", "Weight": 1, "Rarity": [50,40,7,3]}
          ]
        },
        {
          "Name": "TierDeepNorthArmor",
          "Loot": [
            { "Item": "CapeArcticWolf_TW", "Weight": 1, "Rarity": [50,40,7,3]},
            { "Item": "HelmetArcticBear_TW", "Weight": 1, "Rarity": [50,40,7,3]},
            { "Item": "HelmetRogueTyranium_TW", "Weight": 1, "Rarity": [50,40,7,3]},
            { "Item": "ArmorRogueTyraniumChest_TW", "Weight": 1, "Rarity": [50,40,7,3]},
            { "Item": "ArmorRogueTyraniumLegs_TW", "Weight": 1, "Rarity": [50,40,7,3]},
            { "Item": "HelmetVigorousTyranium_TW", "Weight": 1, "Rarity": [50,40,7,3]},
            { "Item": "ArmorVigorousTyraniumChest_TW", "Weight": 1, "Rarity": [50,40,7,3]},
            { "Item": "ArmorVigorousTyraniumLegs_TW", "Weight": 1, "Rarity": [50,40,7,3]},
            { "Item": "HelmetFenrirTyranium_TW", "Weight": 1, "Rarity": [50,40,7,3]},
            { "Item": "ArmorFenrirTyraniumChest_TW", "Weight": 1, "Rarity": [50,40,7,3]},
            { "Item": "ArmorFenrirTyraniumLegs_TW", "Weight": 1, "Rarity": [50,40,7,3]},
            { "Item": "HelmetDestructionTyranium_TW", "Weight": 1, "Rarity": [50,40,7,3]},
            { "Item": "ArmorDestructionTyraniumChest_TW", "Weight": 1, "Rarity": [50,40,7,3]},
            { "Item": "ArmorDestructionTyraniumLegs_TW", "Weight": 1, "Rarity": [50,40,7,3]}
          ]
        },
        {
          "Name": "TierDeepNorthShields",
          "Loot": [
            { "Item": "ShieldTyraniumBuckler_TW", "Weight": 1, "Rarity": [50,40,7,3]},
            { "Item": "ShieldArcticSerpentscale_TW", "Weight": 1, "Rarity": [50,40,7,3]},
            { "Item": "ShieldNjord_TW", "Weight": 1, "Rarity": [50,40,7,3]},
            { "Item": "ShieldNjordTower_TW", "Weight": 1, "Rarity": [50,40,7,3]}
          ]
        },
        {
          "Name": "TierDeepNorthEverything",
          "Loot": [
            { "Item": "TierDeepNorthWeapons" },
            { "Item": "TierDeepNorthArmor" },
            { "Item": "TierDeepNorthShields" }
          ]
        }
			]
		},
		{
      "Path": "$.LootTables",
      "Action": "AppendAll",
      "Value": [
			{
        "Object": "TierAshlandsMob",
        "LeveledLoot": [
          {
            "Level": 1,
            "Drops": [ [0, 70], [1, 28], [2, 2]],
            "Loot": [
              { "Item": "TierAshlandsEverything", "Weight": 1, "Rarity": [0, 15, 70, 15]}
            ]
          },
          {
            "Level": 2,
            "Drops": [ [0, 50], [1, 46], [2, 3], [3, 1]],
            "Loot": [
              { "Item": "TierAshlandsEverything", "Weight": 1, "Rarity": [0, 0, 80, 20]}
            ]
          },
          {
            "Level": 3,
            "Drops": [ [0, 30], [1, 64], [2, 4], [3, 2]],
            "Loot": [
              { "Item": "TierAshlandsEverything", "Weight": 1, "Rarity": [0, 0, 75, 25]}
            ]
          },
          {
            "Level": 4,
            "Drops": [ [0, 5], [1, 87], [2, 5], [3, 3]],
            "Loot": [
              { "Item": "TierAshlandsEverything", "Weight": 1, "Rarity": [0, 0, 70, 30]}
            ]
          },
          {
            "Level": 5,
            "Drops": [ [0, 5], [1, 87], [2, 5], [3, 3]],
            "Loot": [
              { "Item": "TierAshlandsEverything", "Weight": 1, "Rarity": [0, 0, 70, 30]}
            ]
          },
          {
            "Level": 6,
            "Drops": [ [0,0], [1, 86], [2, 10], [3, 4]],
            "Loot": [
              { "Item": "TierAshlandsEverything", "Weight": 1, "Rarity": [0, 0, 65, 35]}
            ]
          }    
				]			
			},
			{
        "Object": "TierDeepNorthMob",
        "LeveledLoot": [
          {
            "Level": 1,
            "Drops": [ [0, 70], [1, 28], [2, 2]],
            "Loot": [
              { "Item": "TierDeepNorthEverything", "Weight": 1, "Rarity": [0, 15, 70, 15]}
            ]
          },
          {
            "Level": 2,
            "Drops": [ [0, 50], [1, 46], [2, 3],[3, 1]],
            "Loot": [
              { "Item": "TierDeepNorthEverything", "Weight": 1, "Rarity": [0, 0, 80, 20]}
            ]
          },
          {
            "Level": 3,
            "Drops": [ [0, 30], [1, 64], [2, 4],[3, 2]],
            "Loot": [
              { "Item": "TierDeepNorthEverything", "Weight": 1, "Rarity": [0, 0, 75, 25]}
            ]
          },
          {
            "Level": 4,
            "Drops": [ [0, 5], [1, 87], [2, 5],[3, 3]],
            "Loot": [
              { "Item": "TierDeepNorthEverything", "Weight": 1, "Rarity": [0, 0, 70, 30]}
            ]
          },
          {
            "Level": 4,
            "Drops": [ [0, 5], [1, 87], [2, 5],[3, 3]],
            "Loot": [
              { "Item": "TierDeepNorthEverything", "Weight": 1, "Rarity": [0, 0, 70, 30]}
            ]
          },
          {
            "Level": 5,
            "Drops": [ [0, 5], [1, 87], [2, 5],[3, 3]],
            "Loot": [
              { "Item": "TierDeepNorthEverything", "Weight": 1, "Rarity": [0, 0, 70, 30]}
            ]
          },
          {
            "Level": 6,
            "Drops": [ [0, 0], [1, 86], [2, 10],[3, 4]],
            "Loot": [
              { "Item": "TierDeepNorthEverything", "Weight": 1, "Rarity": [0, 0, 65, 35]}
            ]
          }
        ]
      },
      {
          "Object": "Fox_TW",
          "RefObject": "Tier1Mob"
      },
      {
          "Object": "Razorback_TW",
          "RefObject": "Tier2Mob"
      },
      {
          "Object": "BlackBear_TW",
          "RefObject": "Tier2Mob"
      },
      {
          "Object": "GDAncientShaman_TW",
          "RefObject": "Tier2Mob"
      },
      {
          "Object": "BurningHunger_TW",
          "RefObject": "Tier2Mob"
      },
      {
          "Object": "RottingElk_TW",
          "RefObject": "Tier3Mob"
      },
      {
          "Object": "Crawler_TW",
          "RefObject": "Tier3Mob"
      },
      {
          "Object": "HelWraith_TW",
          "RefObject": "Tier3Mob"
      },
      {
          "Object": "DamnedOne_TW",
          "RefObject": "Tier3Mob"
      },
      {
          "Object": "GrizzlyBear_TW",
          "RefObject": "Tier4Mob"
      },
      {
          "Object": "ObsidianGolem_TW",
          "RefObject": "Tier5Mob"
      },
      {
          "Object": "Prowler_TW",
          "RefObject": "Tier6Mob"
      },
      {
          "Object": "AshenWarg_TW",
          "RefObject": "TierAshlandsMob"
      },
      {
          "Object": "AshenCrab_TW",
          "RefObject": "TierAshlandsMob"
      },
      {
          "Object": "AshenScorpid_TW",
          "RefObject": "TierAshlandsMob"
      },
      {
          "Object": "AshenDimetrodon_TW",
          "RefObject": "TierAshlandsMob"
      },
      {
          "Object": "AshenDrake_TW",
          "RefObject": "TierAshlandsMob"
      },
      {
          "Object": "AshenShark_TW",
          "RefObject": "TierAshlandsMob"
      },
      {
          "Object": "AshenImp_TW",
          "RefObject": "TierAshlandsMob"
      },
      {
          "Object": "AshenDemon_TW",
          "RefObject": "TierAshlandsMob"
      },
      {
          "Object": "AshenGolem_TW",
          "RefObject": "TierAshlandsMob"
      },
      {
          "Object": "AshenMinotaur_TW",
          "RefObject": "TierAshlandsMob"
      },
      {
        "Object": "ArcticWolf_TW",
        "RefObject": "TierDeepNorthMob"
      },
      {
        "Object": "ArcticSerpent_TW",
        "RefObject": "TierDeepNorthMob"
      },
      {
        "Object": "ArcticBear_TW",
        "RefObject": "TierDeepNorthMob"
      },
      {
        "Object": "JotunnBrute_TW",
        "RefObject": "TierDeepNorthMob"
      },
      {
        "Object": "ArcticMammoth_TW",
        "RefObject": "TierDeepNorthMob"
      },
      {
        "Object": "ArcticDrake_TW",
        "RefObject": "TierDeepNorthMob"
      },
      {
        "Object": "ArcticFenring_TW",
        "RefObject": "TierDeepNorthMob"
      },
      {
        "Object": "ArcticCultist_TW",
        "RefObject": "TierDeepNorthMob"
      },
      {
        "Object": "ArcticGolem_TW",
        "RefObject": "TierDeepNorthMob"
      }
			]
		}
	]
}
