{
	"Author": "Olimacam",
	"RequireAll": true, 
	"Patches": 
		[
			{
				"Path": "$.Gamble.GambleCosts", 
				"Action": "AppendAll",
				"Value": 
					[
						{ "Item": "ArmorNobleHelmet",         "CoinsCost": 250  },
						{ "Item": "ArmorNobleChest",         "CoinsCost": 250  },
						{ "Item": "ArmorNobleLegs",         "CoinsCost": 250  },
						{ "Item": "ArmorNobleCape",         "CoinsCost": 250  },
						
						{ "Item": "ArmorBarbarianBronzeHelmetJD",         "CoinsCost": 250  },
						{ "Item": "ArmorBarbarianBronzeChestJD",         "CoinsCost": 250  },
						{ "Item": "ArmorBarbarianBronzeLegsJD",         "CoinsCost": 250  },
						{ "Item": "ArmorBarbarianCapeJD",         "CoinsCost": 250  },
						
						{ "Item": "ArmorWarriorHelmet",     "CoinsCost": 250  },
						{ "Item": "ArmorWarriorChest",     "CoinsCost": 250  },
						{ "Item": "ArmorWarriorLegs",     "CoinsCost": 250  },
						
						{ "Item": "ArmorPlateIronHelmetJD",     "CoinsCost": 350  },
						{ "Item": "ArmorPlateIronChestJD",     "CoinsCost": 350  },
						{ "Item": "ArmorPlateIronLegsJD",     "CoinsCost": 350  },
						{ "Item": "ArmorPlateCape",     "CoinsCost": 350  },
						
						{ "Item": "ArmorWandererHelmet",     "CoinsCost": 400  },
						{ "Item": "ArmorWandererChest",     "CoinsCost": 400  },
						{ "Item": "ArmorWandererLegs",     "CoinsCost": 400  },
						{ "Item": "ArmorWandererCape",     "CoinsCost": 400  },
						
						{ "Item": "ArmorDragonslayerHelmet",     "CoinsCost": 800  },
						{ "Item": "ArmorDragonslayerChest",     "CoinsCost": 800  },
						{ "Item": "ArmorDragonslayerLegs",     "CoinsCost": 800 },
						
						{ "Item": "ArmorBlackmetalgarbHelmet",     "CoinsCost": 1200  },
						{ "Item": "ArmorBlackmetalgarbChest",     "CoinsCost": 1200  },
						{ "Item": "ArmorBlackmetalgarbLegs",     "CoinsCost": 1200  },
						
						{ "Item": "ArmorSerpentHelemt",     "CoinsCost": 1200  },
						{ "Item": "ArmorSerpentChest",     "CoinsCost": 1200  },
						{ "Item": "ArmorSerpentLegs",     "CoinsCost": 1200  },
						{ "Item": "ArmorSerpentCape",     "CoinsCost": 1200 },
						
						{ "Item": "ArmorMistlandsHelmet",     "CoinsCost": 2000  },
						{ "Item": "ArmorMistlandsChest",     "CoinsCost": 2000 },
						{ "Item": "ArmorMistlandsLegs",     "CoinsCost": 2000  }
						
					]  
			}
		]
}

