{
  "TargetFile": "adventuredata.json", 
  "Author": "Nullex, Majestic",
  "RequireAll": true, 
  "Patches": [
	{
      "Path": "$.Gamble.GambleCosts", 
      "Action": "AppendAll",
      "Value": [
            {"Item":"AtgeirFlint_TW", "CoinsCost": 150},
            {"Item":"BattleaxeFlint_TW", "CoinsCost": 150},
            {"Item":"FistFlint_TW", "CoinsCost": 150},
            {"Item":"MaceFlint_TW", "CoinsCost": 150},
            {"Item":"SwordFlint_TW", "CoinsCost": 150},
            {"Item":"SledgeStagbreaker_TW", "CoinsCost": 150},
            {"Item":"BastardFlint_TW", "CoinsCost": 150},
            {"Item":"GreatClub_TW", "CoinsCost": 150},
            {"Item":"BattleaxeBronze_TW", "CoinsCost": 400},
            {"Item":"FistBronze_TW", "CoinsCost": 400},
            {"Item":"ClaymoreBronze_TW", "CoinsCost": 400},
            {"Item":"CrossbowBronze_TW", "CoinsCost": 400},
            {"Item":"KnifeBronze_TW", "CoinsCost": 400},
            {"Item":"SledgeBronze_TW", "CoinsCost": 400},
            {"Item":"ShieldBronzeBanded_TW", "CoinsCost": 400},
            {"Item":"ShieldBronzeTower_TW", "CoinsCost": 400},
            {"Item":"BattlehammerTrollbone_TW", "CoinsCost": 400},
            {"Item":"BowTrollBone_TW", "CoinsCost": 400},
            {"Item":"BastardBone_TW", "CoinsCost": 400},
            {"Item":"ClaymoreBone_TW", "CoinsCost": 400},
            {"Item":"SwordBone_TW", "CoinsCost": 400},
            {"Item":"WarpikeBone_TW", "CoinsCost": 400},
            {"Item":"HelmetBlackBear_TW", "CoinsCost": 400},
            {"Item":"HelmetRazorback_TW", "CoinsCost": 400},
            {"Item":"BastardChitin_TW", "CoinsCost": 400},
            {"Item":"ClaymoreChitin_TW", "CoinsCost": 400},
            {"Item":"MaceChitin_TW", "CoinsCost": 400},
            {"Item":"FistChitin_TW", "CoinsCost": 400},
            {"Item":"SwordChitin_TW", "CoinsCost": 400},
            {"Item":"WarpikeChitin_TW", "CoinsCost": 400},
            {"Item":"ShieldChitin_TW", "CoinsCost": 400},
            {"Item":"ShieldChitinTower_TW", "CoinsCost": 400},
            {"Item":"ShieldChitinBuckler_TW", "CoinsCost": 400},
            {"Item":"BattleaxeIron_TW", "CoinsCost": 900},
            {"Item":"BattlehammerIron_TW", "CoinsCost": 900},
            {"Item":"ClaymoreIron_TW", "CoinsCost": 900},
            {"Item":"FistIron_TW", "CoinsCost": 900},
            {"Item":"CrossbowIron_TW", "CoinsCost": 900},
            {"Item":"KnifeIron_TW", "CoinsCost": 900},
            {"Item":"SledgeIron_TW", "CoinsCost": 900},
            {"Item":"KnifeWrench_TW", "CoinsCost": 900},
            {"Item":"AxeSilver_TW", "CoinsCost": 1750},
            {"Item":"AtgeirSilver_TW", "CoinsCost": 1750},
            {"Item":"BastardSilver_TW", "CoinsCost": 1750},
            {"Item":"BattleaxeSilver_TW", "CoinsCost": 1750},
            {"Item":"BattlehammerSilver_TW", "CoinsCost": 1750},
            {"Item":"ClaymoreSilver_TW", "CoinsCost": 1750},
            {"Item":"CrossbowSilver_TW", "CoinsCost": 1750},
            {"Item":"FistSilver_TW", "CoinsCost": 1750},
            {"Item":"SledgeSilver_TW", "CoinsCost": 1750},
            {"Item":"ShieldSilverBuckler_TW", "CoinsCost": 1750},
            {"Item":"PickaxeSilver_TW", "CoinsCost": 1750},
            {"Item":"BattleaxeCrystal_TW", "CoinsCost": 1750},
            {"Item":"HelmetGrizzlyBear_TW", "CoinsCost": 1750},
            {"Item":"WarpikeObsidian_TW", "CoinsCost": 1750},
            {"Item":"BastardBlackmetal_TW", "CoinsCost": 3000},
            {"Item":"BattleaxeBlackmetal_TW", "CoinsCost": 3000},
            {"Item":"BattlehammerBlackmetal_TW", "CoinsCost": 3000},
            {"Item":"BowBlackmetal_TW", "CoinsCost": 3000},
            {"Item":"GreatbowBlackmetal_TW", "CoinsCost": 3000},
            {"Item":"ClaymoreBlackmetal_TW", "CoinsCost": 3000},
            {"Item":"CrossbowBlackmetal_TW", "CoinsCost": 3000},
            {"Item":"FistBlackmetal_TW", "CoinsCost": 3000},
            {"Item":"LanceBlackmetal_TW", "CoinsCost": 3000},
            {"Item":"SpearBlackmetal_TW", "CoinsCost": 3000},
            {"Item":"SledgeBlackmetal_TW", "CoinsCost": 3000},
            {"Item":"TridentBlackmetal_TW", "CoinsCost": 3000},
            {"Item":"WarpikeBlackmetal_TW", "CoinsCost": 3000},
            {"Item":"ShieldBlackmetalBuckler_TW", "CoinsCost": 3000},
            {"Item":"BattleaxeCrystalEmerald_TW", "CoinsCost": 3000},
            {"Item":"AxeDvergr_TW", "CoinsCost": 4500},
            {"Item":"BastardDvergr_TW", "CoinsCost": 4500},
            {"Item":"BattleaxeDvergr_TW", "CoinsCost": 4500},
            {"Item":"BattlehammerDvergr_TW", "CoinsCost": 4500},
            {"Item":"GreatbowDvergr_TW", "CoinsCost": 4500},
            {"Item":"ClaymoreDvergr_TW", "CoinsCost": 4500},
            {"Item":"FistDvergr_TW", "CoinsCost": 4500},
            {"Item":"LanceDvergr_TW", "CoinsCost": 4500},
            {"Item":"MaceDvergr_TW", "CoinsCost": 4500},
            {"Item":"WarpikeDvergr_TW", "CoinsCost": 4500},
            {"Item":"PickaxeDvergr_TW", "CoinsCost": 4500},
            {"Item":"BattleaxeCrystalAmethyst_TW", "CoinsCost": 4500},
            {"Item":"SledgeDemolisher_TW", "CoinsCost": 4500},
            {"Item":"ShieldCarapaceTower_TW", "CoinsCost": 4500},
            {"Item":"ShieldTyraniumBuckler_TW", "CoinsCost": 8000},
            {"Item":"AxeNjord_TW", "CoinsCost": 8000},
            {"Item":"AtgeirNjord_TW", "CoinsCost": 8000},
            {"Item":"BastardNjord_TW", "CoinsCost": 8000},
            {"Item":"BattleaxeNjord_TW", "CoinsCost": 8000},
            {"Item":"BattlehammerNjord_TW", "CoinsCost": 8000},
            {"Item":"BowNjord_TW", "CoinsCost": 8000},
            {"Item":"CrossbowNjord_TW", "CoinsCost": 8000},
            {"Item":"GreatbowNjord_TW", "CoinsCost": 8000},
            {"Item":"ClaymoreNjord_TW", "CoinsCost": 8000},
            {"Item":"FistNjord_TW", "CoinsCost": 8000},
            {"Item":"KnifeNjord_TW", "CoinsCost": 8000},
            {"Item":"LanceNjord_TW", "CoinsCost": 8000},
            {"Item":"MaceNjord_TW", "CoinsCost": 8000},
            {"Item":"SpearNjord_TW", "CoinsCost": 8000},
            {"Item":"SledgeNjord_TW", "CoinsCost": 8000},
            {"Item":"SwordNjord_TW", "CoinsCost": 8000},
            {"Item":"WarpikeNjord_TW", "CoinsCost": 8000},
            {"Item":"ShieldNjord_TW", "CoinsCost": 8000},
            {"Item":"ShieldNjordTower_TW", "CoinsCost": 8000},
            {"Item":"PickaxeNjord_TW", "CoinsCost": 8000},
            {"Item":"BattleaxeCrystalSapphire_TW", "CoinsCost": 8000},
            {"Item":"CapeArcticWolf_TW", "CoinsCost": 8000},
            {"Item":"HelmetArcticBear_TW", "CoinsCost": 8000},
            {"Item":"ShieldArcticSerpentscale_TW", "CoinsCost": 8000},
            {"Item":"GlacierBlade_TW", "CoinsCost": 16000},
            {"Item":"ClaymoreJotunn_TW", "CoinsCost": 16000},
            {"Item":"BattleaxeCrystalTopaz_TW", "CoinsCost": 8000},
            {"Item":"AxeSurtr_TW", "CoinsCost": 8000},
            {"Item":"AtgeirSurtr_TW", "CoinsCost": 8000},
            {"Item":"BastardSurtr_TW", "CoinsCost": 8000},
            {"Item":"BattleaxeSurtr_TW", "CoinsCost": 8000},
            {"Item":"BattlehammerSurtr_TW", "CoinsCost": 8000},
            {"Item":"BowSurtr_TW", "CoinsCost": 8000},
            {"Item":"CrossbowSurtr_TW", "CoinsCost": 8000},
            {"Item":"GreatbowSurtr_TW", "CoinsCost": 8000},
            {"Item":"ClaymoreSurtr_TW", "CoinsCost": 8000},
            {"Item":"FistSurtr_TW", "CoinsCost": 8000},
            {"Item":"KnifeSurtr_TW", "CoinsCost": 8000},
            {"Item":"LanceSurtr_TW", "CoinsCost": 8000},
            {"Item":"MaceSurtr_TW", "CoinsCost": 8000},
            {"Item":"SpearSurtr_TW", "CoinsCost": 8000},
            {"Item":"SledgeSurtr_TW", "CoinsCost": 8000},
            {"Item":"SwordSurtr_TW", "CoinsCost": 8000},
            {"Item":"WarpikeSurtr_TW", "CoinsCost": 8000},
            {"Item":"ShieldSurtr_TW", "CoinsCost": 8000},
            {"Item":"ShieldSurtrTower_TW", "CoinsCost": 8000},
            {"Item":"PickaxeSurtr_TW", "CoinsCost": 8000},
            {"Item":"CapeAshenScale_TW", "CoinsCost": 8000},
            {"Item":"BowUllr_TW", "CoinsCost": 8000},
            {"Item":"ShieldFlametalBuckler_TW", "CoinsCost": 8000},
            {"Item":"VolcanicBlade_TW", "CoinsCost": 16000}
			   ]  
    }
  ]
}
