{
	"RequireAll": true, 
	"Patches": 
		[
		
			{
				"Path": "$.ItemSets[?(@.Name == 'Tier0Armor')].Loot", 
				"Action": "AppendAll",
				"Value": 
				[
					{ "Item": "ArmorNobleHelmet",     "Weight": 1, "Rarity": [ 0, 15, 60, 25 ] },
					{ "Item": "ArmorNobleChest",     "Weight": 1, "Rarity": [ 0, 15, 60, 25 ] },
					{ "Item": "ArmorNobleLegs",     "Weight": 1, "Rarity": [ 0, 15, 60, 25 ] },
					{ "Item": "ArmorNobleCape",     "Weight": 1, "Rarity": [ 0, 15, 60, 25 ] }
				]
			},

			{
				"Path": "$.ItemSets[?(@.Name == 'Tier1Armor')].Loot", 
				"Action": "AppendAll",
				"Value": 
				[
					{ "Item": "ArmorBarbarianBronzeHelmetJD",     "Weight": 1, "Rarity": [ 0, 15, 60, 25 ] },
					{ "Item": "ArmorBarbarianBronzeChestJD",     "Weight": 1, "Rarity": [ 0, 15, 60, 25 ] },
					{ "Item": "ArmorBarbarianBronzeLegsJD",     "Weight": 1, "Rarity": [ 0, 15, 60, 25 ] },
					{ "Item": "ArmorBarbarianCapeJD",     "Weight": 1, "Rarity": [ 0, 15, 60, 25 ] },
					{ "Item": "ArmorWarriorHelmet",     "Weight": 1, "Rarity": [ 0, 15, 60, 25 ] },
					{ "Item": "ArmorWarriorChest",     "Weight": 1, "Rarity": [ 0, 15, 60, 25 ] },
					{ "Item": "ArmorWarriorLegs",     "Weight": 1, "Rarity": [ 0, 15, 60, 25 ] }
				]
			},
			
			{
				"Path": "$.ItemSets[?(@.Name == 'Tier2Armor')].Loot", 
				"Action": "AppendAll",
				"Value": 
				[
					{ "Item": "ArmorPlateIronHelmetJD",     "Weight": 1, "Rarity": [ 0, 15, 60, 25 ] },
					{ "Item": "ArmorPlateIronChestJD",     "Weight": 1, "Rarity": [ 0, 15, 60, 25 ] },
					{ "Item": "ArmorPlateIronLegsJD",     "Weight": 1, "Rarity": [ 0, 15, 60, 25 ] },
					{ "Item": "ArmorPlateCape",     "Weight": 1, "Rarity": [ 0, 15, 60, 25 ] },
					{ "Item": "ArmorWandererHelmet",     "Weight": 1, "Rarity": [ 0, 15, 60, 25 ] },
					{ "Item": "ArmorWandererChest",     "Weight": 1, "Rarity": [ 0, 15, 60, 25 ] },
					{ "Item": "ArmorWandererLegs",     "Weight": 1, "Rarity": [ 0, 15, 60, 25 ] },
					{ "Item": "ArmorWandererCape",     "Weight": 1, "Rarity": [ 0, 15, 60, 25 ] }
				]
			},
			
			{
				"Path": "$.ItemSets[?(@.Name == 'Tier4Armor')].Loot", 
				"Action": "AppendAll",
				"Value": 
				[
					{ "Item": "ArmorDragonslayerHelmet",     "Weight": 1, "Rarity": [ 0, 15, 60, 25 ] },
					{ "Item": "ArmorDragonslayerChest",     "Weight": 1, "Rarity": [ 0, 15, 60, 25 ] },
					{ "Item": "ArmorDragonslayerLegs",     "Weight": 1, "Rarity": [ 0, 15, 60, 25 ] }
				]
			},
			
			{
				"Path": "$.ItemSets[?(@.Name == 'Tier5Armor')].Loot", 
				"Action": "AppendAll",
				"Value": 
				[
					{ "Item": "ArmorBlackmetalgarbHelmet",     "Weight": 1, "Rarity": [ 0, 15, 60, 25 ] },
					{ "Item": "ArmorBlackmetalgarbChest",     "Weight": 1, "Rarity": [ 0, 15, 60, 25 ] },
					{ "Item": "ArmorBlackmetalgarbLegs",     "Weight": 1, "Rarity": [ 0, 15, 60, 25 ] },
					{ "Item": "ArmorSerpentHelemt",     "Weight": 1, "Rarity": [ 0, 15, 60, 25 ] },
					{ "Item": "ArmorSerpentChest",     "Weight": 1, "Rarity": [ 0, 15, 60, 25 ] },
					{ "Item": "ArmorSerpentLegs",     "Weight": 1, "Rarity": [ 0, 15, 60, 25 ] },
					{ "Item": "ArmorSerpentCape",     "Weight": 1, "Rarity": [ 0, 15, 60, 25 ] }
				]
			},
			
			{
				"Path": "$.ItemSets[?(@.Name == 'Tier6Armor')].Loot", 
				"Action": "AppendAll",
				"Value": 
				[
					{ "Item": "ArmorMistlandsHelmet",     "Weight": 1, "Rarity": [ 0, 15, 60, 25 ] },
					{ "Item": "ArmorMistlandsChest",     "Weight": 1, "Rarity": [ 0, 15, 60, 25 ] },
					{ "Item": "ArmorMistlandsLegs",     "Weight": 1, "Rarity": [ 0, 15, 60, 25 ] }
				]
			}
		]
}	 
